ID,YEAR,COUNTRY,LATITUDE,LONGITUDE,PRIMARY_MAGNITUDE
1,-2000,SYRIA,35.683,35.8,7.03
3,-1610,GREECE,36.4,25.4,7.03
4,-1365,SYRIA,35.683,35.8,7.03
5,-1300,TURKEY,39.96,26.24,6.0
7,-590,LEBANON,33.27,35.22,7.03
8,-525,LEBANON,33.56,35.37,7.03
3469,-480,GREECE,37.9,23.5,7.03
9,-479,GREECE,39.7,23.3,7.0
10,-426,GREECE,38.9,22.7,7.1
11,-373,GREECE,38.25,22.25,7.3
12,-330,GREECE,40.0,25.0,7.0
5282,-326,INDIA,23.0,71.0,7.03
3092,-227,GREECE,36.3,28.3,7.2
3471,-226,GREECE,38.6,23.3,7.03
3472,-223,GREECE,38.809,22.784000000000002,7.03
5382,-218,SPAIN,36.2,-7.17,7.03
4281,-210,PORTUGAL,36.0,-10.5,7.03
3473,-198,GREECE,36.404,25.396,7.03
4263,-60,PORTUGAL,36.0,-10.0,6.7
3714,-58,ALBANIA,41.3,19.5,6.6
3728,-50,GEORGIA,43.0,41.0,5.5
3794,-50,BULGARIA,43.5,28.5,7.03
22,-47,CHINA,37.5,119.5,7.03
21,46,GREECE,36.404,25.396,6.2
23,62,GREECE,35.2,25.1,6.9
26,76,CYPRUS,34.8,32.0,6.3
3093,79,ITALY,40.821,14.425999999999998,7.03
4396,115,TURKEY,36.1,36.1,7.5
3096,120,TURKEY,40.77,29.92,7.2
3583,123,SOUTH KOREA,35.8,129.2,6.3
27,142,GREECE,36.7,28.0,7.0
29,173,CHINA,37.5,120.0,7.03
3097,177,ITALY,38.0,15.0,7.03
3427,258,ITALY,41.9,12.45,7.03
31,262,TURKEY,36.6,30.0,7.03
32,315,DEAD SEA,31.7,35.5,7.03
35,344,TURKEY,40.3,26.5,7.03
3474,346,ALBANIA,41.4,19.4,6.8
36,348,TURKEY,33.9,35.5,4.1
2314,358,TURKEY,40.77,29.9,7.03
37,362,JORDAN,31.3,35.6,7.03
38,365,GREECE,35.0,23.0,8.0
3475,368,TURKEY,40.5,29.6,6.4
4273,382,PORTUGAL,36.0,-10.83,7.03
2315,407,TURKEY,41.0,29.0,6.6
39,416,INDONESIA,-6.102,105.42299999999999,7.03
41,447,TURKEY,40.9,28.5,7.3
4294,450,TURKEY,40.4,28.4,7.0
2317,478,TURKEY,40.8,29.2,7.03
43,543,TURKEY,40.3,27.8,6.8
46,551,GREECE,38.4,22.3,7.1
5586,551,GREECE,38.4,22.3,7.03
47,551,TURKEY,40.8,29.9,7.8
3477,552,GREECE,38.4,22.4,7.2
48,554,GREECE,36.8,27.3,7.0
3785,555,GREECE,41.0,29.5,7.03
2286,557,TURKEY,40.9,27.6,7.0
49,558,TURKEY,40.9,28.8,7.0
3765,558,GREECE,37.1,27.7,7.0
53,684,JAPAN,32.5,134.0,8.4
54,701,JAPAN,35.7,135.4,7.0
55,704,JAPAN,33.8,136.7,7.0
56,740,TURKEY,40.7,29.3,7.3
57,744,JAPAN,32.4,130.5,6.4
58,745,JAPAN,34.6,135.3,6.5
59,746,SYRIA,32.0,35.5,7.0
61,766,JAPAN,31.6,130.7,6.5
62,792,ITALY,45.5,11.0,7.03
3428,800,GREECE,36.2,23.2,7.03
64,803,TURKEY,36.95,35.6,7.03
66,818,JAPAN,35.2,139.3,7.9
67,842,UK,49.5,-2.5,7.03
69,850,JAPAN,39.0,139.9,7.0
71,859,TURKEY,36.08,36.25,7.03
72,863,JAPAN,37.1,138.0,7.0
74,869,JAPAN,38.5,143.8,8.6
4282,881,SPAIN,36.0,-8.0,7.03
76,887,JAPAN,37.5,138.1,6.5
77,887,JAPAN,33.0,135.3,8.6
5283,900,INDIA,10.46,79.53,7.03
79,922,JAPAN,33.8,136.7,7.0
3429,963,ITALY,38.0,15.0,7.03
81,975,TURKEY,41.04,28.98,7.03
3430,986,TURKEY,40.8,29.2,7.5
3562,1008,IRAN,27.665,52.348,6.5
83,1026,JAPAN,34.8,131.8,7.5
84,1033,SYRIA,33.0,35.0,7.03
87,1039,TURKEY,38.4,27.3,6.8
3102,1050,GREECE,36.404,25.396,7.03
90,1068,ISRAEL,29.5,34.95,7.03
91,1076,CHINA,23.0,117.0,7.03
5500,1088,JAPAN,39.64,141.96,7.03
93,1088,JAPAN,40.5,143.0,7.0
96,1096,JAPAN,34.0,137.5,8.4
2992,1099,JAPAN,33.0,135.5,8.4
97,1099,UK,50.11600000000001,-5.483,7.03
98,1106,ITALY,45.5,12.3,7.03
4201,1112,ITALY,40.85,14.25,7.03
3106,1114,ITALY,36.5,36.0,7.0
2852,1169,ITALY,37.3,15.03,7.0
3107,1169,ITALY,37.734,15.004000000000001,7.03
3108,1172,ITALY,38.0,15.0,7.03
100,1202,SYRIA,33.5,36.0,7.6
101,1222,CYPRUS ISLAND,34.5,33.0,6.6
3478,1231,TURKEY,41.0,28.6,6.9
104,1241,JAPAN,35.2,139.4,7.0
105,1257,JAPAN,39.0,144.0,7.5
106,1257,JAPAN,35.2,139.5,7.0
3109,1265,TURKEY,40.7,27.4,6.6
3479,1270,GREECE,41.3,19.5,7.03
108,1273,ALBANIA,41.3,19.7,6.5
110,1293,JAPAN,35.2,139.4,7.1
111,1303,GREECE,35.0,27.0,8.0
3111,1321,ITALY,45.4,12.3,7.03
3112,1329,ITALY,37.734,15.004000000000001,7.03
114,1331,JAPAN,33.7,135.2,7.0
115,1332,TURKEY,40.9,28.9,6.8
5556,1341,UKRAINE,44.3,34.3,6.0
116,1341,JAPAN,41.0,139.5,7.0
3114,1343,TURKEY,40.8,28.3,7.5
3481,1343,TURKEY,41.0,28.1,7.03
3115,1348,ITALY,46.6,13.8,7.03
122,1360,JAPAN,33.4,136.2,7.0
124,1361,JAPAN,33.0,135.0,8.4
3116,1365,ALGERIA,36.8,3.0,7.03
126,1389,GREECE,38.4,26.3,6.8
3117,1402,GREECE,38.11,22.41,7.0
3545,1402,SYRIA,35.0,37.0,7.03
128,1403,JAPAN,33.7,136.5,7.0
129,1406,JAPAN,34.4,138.4,6.2
130,1407,NORTH KOREA,38.0,125.7,7.03
131,1408,JAPAN,33.8,136.9,7.0
3565,1408,TURKEY,36.2,36.1,7.03
133,1433,JAPAN,34.9,139.5,7.1
135,1434,SOUTH KOREA,37.5,126.0,7.03
3482,1437,GREECE,40.0,26.1,7.03
136,1448,JAPAN,37.5,138.2,7.0
3118,1456,ITALY,41.3,14.7,7.03
137,1481,GREECE,36.0,28.0,7.1
5418,1481,GREECE,36.0,28.0,7.03
3119,1494,GREECE,35.5,25.5,7.2
142,1495,JAPAN,35.1,139.5,7.1
144,1498,JAPAN,34.4,137.7,6.4
145,1498,VENEZUELA,9.9,-62.3,7.03
2993,1498,JAPAN,33.5,135.2,7.5
146,1498,JAPAN,34.0,138.1,8.3
149,1508,GREECE,35.0,25.5,7.1
151,1509,CHINA,31.5,121.5,7.03
152,1509,TURKEY,40.8,28.1,7.7
154,1510,JAPAN,34.6,135.4,6.7
156,1510,JAPAN,34.5,137.6,7.03
157,1511,ITALY,46.2,13.433,6.5
5488,1513,PERU,-17.2,-72.3,8.7
159,1519,SOUTH KOREA,36.3,126.0,7.03
160,1520,JAPAN,33.6,136.3,7.0
4265,1522,SPAIN,36.97,-2.66,7.03
3648,1524,INDIA,17.0,73.2,7.03
163,1530,VENEZUELA,10.7,-64.1,7.03
165,1531,PORTUGAL,38.7,-9.1,7.7
3575,1531,CHINA,30.7,117.5,4.8
3120,1538,ITALY,40.8,14.2,7.03
168,1539,HONDURAS,16.2,-88.5,7.03
2874,1540,USA,59.37,-153.42,7.03
169,1541,VENEZUELA,10.8,-64.2,7.03
5404,1542,ITALY,37.07,15.3,6.6
170,1543,VENEZUELA,10.7,-64.1,7.03
171,1545,JAPAN,34.8,139.0,7.03
173,1546,ISRAEL,32.0,35.5,6.5
174,1556,SOUTH KOREA,37.0,126.0,7.03
176,1562,JAPAN,32.5,130.6,7.03
3121,1562,ITALY,40.5,15.5,7.03
178,1562,CHILE,-38.7,-73.5,8.0
3122,1564,FRANCE,44.016999999999996,7.2829999999999995,5.8
179,1570,CHILE,-36.75,-73.0,8.3
185,1575,CHILE,-39.8,-73.2,8.5
5646,1579,COSTA RICA,8.705,-83.88,7.03
186,1580,NORTH KOREA,40.0,128.0,7.03
187,1580,UK,51.019,1.3090000000000002,6.2
3681,1582,PERU,-16.6,-71.6,8.2
5680,1584,SWITZERLAND,46.33,6.97,5.9
5410,1584,PERU,-11.8,-77.8,8.4
191,1586,JAPAN,35.0,136.8,8.2
194,1586,PERU,-12.3,-77.7,8.5
3686,1587,PERU,-5.3,-80.5,7.03
197,1589,JAPAN,34.8,138.2,6.7
198,1590,PERU,-17.2,-72.9,7.7
199,1591,PORTUGAL,37.783,-25.5,7.03
3123,1594,ITALY,40.8,14.4,7.03
203,1596,JAPAN,33.3,131.7,6.9
204,1597,JAPAN,33.3,131.6,6.4
5565,1601,SWITZERLAND,46.8,8.5,6.2
3124,1601,GREECE,35.5,25.5,7.03
207,1602,JAPAN,35.1,140.5,7.2
212,1604,PERU,-17.88,-70.94,8.5
3548,1604,CHINA,25.0,119.5,8.0
210,1604,GREECE,35.5,25.5,7.03
216,1605,JAPAN,33.0,134.9,7.9
2954,1605,JAPAN,33.5,138.5,7.9
219,1606,JAPAN,31.9,140.0,7.03
5570,1607,UK,51.5,-2.7,7.03
3563,1608,IRAN,36.4,50.5,7.6
222,1608,INDONESIA,0.8,127.325,7.03
224,1609,UK,51.5,0.466,7.03
3125,1609,GREECE,36.4,28.4,7.2
226,1611,JAPAN,39.0,144.5,8.1
2328,1612,GREECE,35.5,25.5,6.7
3126,1613,ITALY,38.117,14.783,5.6
228,1614,JAPAN,37.5,138.0,7.7
2289,1615,UKRAINE,44.9,35.5,5.7
230,1615,CHILE,-18.5,-70.35,7.5
231,1616,JAPAN,38.1,142.0,7.0
233,1616,JAPAN,39.0,144.5,7.5
235,1619,JAPAN,32.5,130.6,6.4
236,1622,GREECE,37.6,21.0,6.6
3127,1624,ITALY,44.6,11.8,7.03
3128,1627,ITALY,41.733000000000004,15.35,6.7
238,1627,PHILIPPINES,18.4,121.6,8.0
3789,1629,GREECE,36.0,25.0,7.0
243,1629,INDONESIA,-4.6,129.9,7.03
5182,1630,INDONESIA,-4.6,129.9,7.03
3129,1631,ITALY,40.821,14.425999999999998,7.03
245,1633,JAPAN,35.2,139.2,7.1
246,1633,CHILE,-41.8,-73.8,7.03
248,1633,GREECE,37.6,21.0,6.9
3549,1634,CHINA,30.7,115.1,5.5
249,1636,EAST CHINA SEA,35.1,129.05,7.03
3130,1636,GREECE,38.1,20.3,7.2
3131,1638,ITALY,39.033,16.283,7.0
251,1640,GERMANY,50.8,5.7,7.03
253,1640,JAPAN,42.07,140.68,6.5
254,1640,CHINA,23.0,117.0,7.03
255,1641,PORTUGAL,38.4,-28.1,7.03
256,1642,JAPAN,35.2,140.6,6.7
258,1643,SOUTH KOREA,35.5,129.5,6.5
259,1644,JAPAN,39.4,140.1,6.9
260,1645,PHILIPPINES,14.4,121.0,8.0
3133,1646,ITALY,43.55,10.317,5.2
262,1646,TURKEY,41.04,28.98,7.03
5420,1646,JAPAN,37.7,141.7,7.6
263,1647,PERU,-15.5,-75.0,7.03
3134,1649,ITALY,38.183,15.55,5.0
268,1649,SOUTH KOREA,35.5,126.0,6.5
269,1650,GREECE,36.404,25.396,6.3
278,1653,PHILIPPINES,13.1,121.6,7.03
277,1653,PORTUGAL,38.4,-27.1,7.03
3680,1655,PERU,-12.3,-77.6,7.7
281,1657,CHILE,-36.83,-73.03,8.0
282,1657,CHILE,-33.5,-70.7,7.03
283,1657,INDONESIA,-3.0,128.0,7.03
3486,1659,GREECE,41.0,27.8,7.4
285,1659,INDONESIA,-6.92,129.125,7.03
5482,1660,PAPUA NEW GUINEA,-5.358,147.12,7.03
288,1661,TAIWAN,23.0,120.1,6.0
291,1662,JAPAN,31.7,132.0,7.6
293,1664,JAPAN,27.85,128.25,7.03
294,1666,JAPAN,35.0,136.8,6.4
297,1667,CROATIA,42.6,18.1,7.2
298,1667,TURKEY,38.4,27.1,6.6
295,1667,JAPAN,25.0,125.5,6.7
2440,1668,USA,42.35,-71.05,7.03
299,1668,TURKEY,38.4,27.1,6.6
300,1668,CHINA,35.3,118.6,8.5
301,1668,NORTH KOREA,38.0,126.0,6.4
302,1668,PORTUGAL,38.5,-28.1,7.03
304,1670,CHINA,33.0,122.5,6.8
307,1670,JAPAN,35.5,141.0,6.4
5423,1671,JAPAN,33.4,134.7,6.9
3136,1672,ITALY,43.933,12.583,5.6
309,1672,GREECE,40.0,26.0,6.5
308,1672,GREECE,36.5,25.5,7.03
310,1673,INDONESIA,1.375,127.52,7.03
311,1673,INDONESIA,-3.0,128.0,7.03
312,1673,INDONESIA,1.375,127.52,7.03
315,1674,INDONESIA,-3.75,127.75,6.8
316,1674,INDONESIA,-3.7,128.2,6.0
318,1675,PHILIPPINES,13.0,121.0,7.03
319,1676,PORTUGAL,38.733000000000004,-27.066,7.03
321,1677,JAPAN,40.0,144.0,8.1
322,1677,JAPAN,35.0,141.5,7.4
323,1677,PHILIPPINES,14.5,120.5,7.03
325,1678,PERU,-9.0,-79.0,8.4
5501,1680,JAPAN,34.6,137.6,7.03
4279,1680,SPAIN,36.5,-3.6,7.03
3488,1681,GREECE,35.6,24.0,7.03
329,1681,CHILE,-18.5,-70.35,7.5
330,1681,SOUTH KOREA,37.5,129.5,7.03
331,1681,SOUTH KOREA,37.5,129.5,7.03
335,1687,CHILE,-32.8,-70.7,7.5
337,1687,PERU,-13.5,-76.5,8.5
340,1688,JAMAICA,17.6,-76.5,7.03
339,1688,TURKEY,38.4,26.9,7.0
345,1690,ANTIGUA AND BARBUDA,17.5,-61.5,8.0
346,1692,JAMAICA,17.8,-76.7,7.7
3813,1693,ITALY,37.333,15.167,6.0
3139,1693,ITALY,37.133,15.017000000000001,7.4
347,1693,ICELAND,64.0,-19.683,7.03
5601,1694,TAIWAN,25.0,121.5,5.5
3140,1694,ITALY,40.8,15.6,7.03
3141,1698,ITALY,40.821,14.425999999999998,7.03
355,1698,JAPAN,33.3,131.7,6.4
3142,1699,ITALY,37.15,15.1,7.03
361,1700,USA,45.0,-125.0,9.0
362,1700,JAPAN,32.7,129.7,7.03
2690,1700,JAPAN,34.2,129.3,7.0
365,1700,SOUTH KOREA,36.5,126.5,6.5
3143,1703,ITALY,42.467,13.2,6.7
3144,1703,ITALY,44.4,8.917,3.2
367,1703,JAPAN,34.7,139.8,8.2
370,1704,JAPAN,34.8,138.6,7.03
368,1704,JAPAN,33.6,136.0,7.03
373,1705,CHILE,-18.6,-70.2,7.03
375,1706,SPAIN,28.271,-16.641,7.03
2952,1707,JAPAN,34.1,137.8,8.4
377,1707,JAPAN,33.2,134.8,8.4
379,1708,JAPAN,34.0,137.0,7.0
380,1708,INDONESIA,-3.69,128.15,7.03
381,1710,INDONESIA,-4.53,129.9,7.03
3576,1710,CHINA,27.8,111.6,5.5
383,1711,INDONESIA,-4.0,129.0,7.0
384,1711,JAPAN,34.3,134.0,6.7
3150,1714,ITALY,40.821,14.425999999999998,7.03
3351,1714,MYANMAR (BURMA),21.85,95.96700000000001,7.03
385,1715,PERU,-17.3,-70.8,7.5
386,1715,JAPAN,33.3,131.7,6.6
387,1716,PHILIPPINES,14.002,120.993,7.03
5502,1716,JAPAN,34.73,139.4,7.03
3581,1721,TAIWAN,23.0,120.2,7.03
392,1722,INDONESIA,-6.1739999999999995,106.829,7.03
393,1722,PORTUGAL,37.2,-7.6,7.03
394,1723,GREECE,38.5,20.5,7.0
397,1725,PERU,-16.6,-72.7,7.03
399,1726,JAPAN,36.3,136.0,6.6
3154,1726,ITALY,38.117,13.35,5.8
398,1726,VENEZUELA,10.633,-64.3,7.03
3157,1727,ITALY,37.5,13.0,5.2
400,1730,CHILE,-32.5,-71.5,9.1
5424,1730,JAPAN,36.2,142.2,7.6
4252,1731,NORWAY,62.333,6.9670000000000005,7.03
3159,1731,ITALY,41.51,15.5,7.03
404,1732,MEXICO,16.8,-99.9,7.03
405,1732,GREECE,39.5,20.0,7.03
406,1732,JAPAN,35.2,140.8,6.5
403,1732,JAPAN,33.1,139.767,7.03
407,1735,PHILIPPINES,15.8,121.7,7.03
412,1737,RUSSIA,51.1,158.0,7.03
414,1737,RUSSIA,50.0,157.0,7.5
415,1737,CHILE,-43.0,-74.0,8.0
416,1738,GREECE,36.8,24.4,6.5
3160,1741,GREECE,36.2,28.5,7.3
419,1741,JAPAN,41.5,139.37,6.9
3161,1742,ITALY,43.5,10.2,7.03
420,1742,CHILE,-36.8,-73.0,7.03
421,1742,RUSSIA,51.5,157.0,7.0
3164,1743,ITALY,39.0,20.3,6.9
422,1744,PHILIPPINES,17.0,121.0,7.03
424,1746,PERU,-11.995999999999999,-77.19800000000001,8.0
427,1747,JAPAN,33.1,139.8,7.03
428,1747,PHILIPPINES,13.6,123.2,7.03
429,1748,GREECE,38.3,22.1,6.8
431,1749,PHILIPPINES,14.002,120.993,7.03
3688,1750,BULGARIA,42.1,24.8,7.03
3165,1750,CROATIA,46.0,12.25,7.03
433,1750,VENEZUELA,10.7,-64.1,7.03
434,1750,MYANMAR (BURMA),18.8,93.633,7.03
439,1751,JAPAN,37.2,138.1,6.6
440,1751,CHILE,-37.0,-73.0,8.5
2388,1751,HAITI,18.5,-72.3,7.3
443,1751,DOMINICAN REPUBLIC,18.5,-70.7,7.3
3166,1751,ITALY,43.8,9.0,7.03
444,1751,HAITI,18.5,-72.3,7.03
445,1752,PORTUGAL,40.4,-8.7,7.03
447,1754,TAIWAN,25.3,121.4,6.0
449,1754,INDONESIA,-3.5,128.5,6.5
452,1754,MEXICO,16.8,-99.2,7.03
3490,1754,TURKEY,40.6,30.0,7.2
453,1754,INDONESIA,-3.5,128.5,7.03
2853,1754,PHILIPPINES,14.002,120.993,7.03
2441,1755,USA,43.5,-78.0,7.03
456,1755,PORTUGAL,37.0,-10.0,8.5
4267,1755,PORTUGAL,37.0,-10.0,7.03
457,1755,UK,54.68,-1.21,7.03
459,1755,USA,42.7,-70.3,7.03
4266,1755,PORTUGAL,37.0,-10.0,7.03
460,1756,UK,51.208,-4.122,7.03
4253,1756,NORWAY,62.766999999999996,7.9,7.03
461,1756,PORTUGAL,38.7,-9.1,7.03
3167,1756,ITALY,37.7,22.8,7.0
462,1757,PORTUGAL,38.65,-28.08,7.03
463,1757,UK,49.92,-6.32,7.03
465,1757,INDONESIA,-6.0,107.0,7.5
466,1759,ISRAEL,33.0,35.5,7.03
468,1761,PORTUGAL,34.5,-13.0,8.5
469,1761,UK,50.033,-5.417000000000001,7.03
470,1761,UK,49.465,-2.585,7.03
471,1762,BANGLADESH,22.0,92.0,7.03
472,1762,NORWAY,60.383,5.332999999999999,7.03
473,1762,UK,51.5,0.1,7.03
474,1762,JAPAN,38.1,138.7,6.6
475,1763,JAPAN,40.8,142.0,7.4
476,1763,JAPAN,41.0,142.5,7.8
477,1763,JAPAN,40.7,142.0,7.1
479,1763,INDONESIA,-6.0,130.0,7.03
480,1763,UK,50.6,-2.4659999999999997,7.03
481,1764,UK,51.45,-2.583,7.03
3546,1764,PORTUGAL,38.7,-9.2,7.03
484,1765,CHINA,23.12,113.25,7.03
485,1765,SWEDEN,65.2,21.3,7.03
5489,1765,CHILE,-33.05,-71.617,7.03
487,1766,JAPAN,40.9,140.7,6.9
2320,1766,TURKEY,40.8,29.0,6.5
489,1766,CUBA,19.9,-76.1,6.8
490,1766,VENEZUELA,10.47,-64.17,7.5
492,1767,MARTINIQUE (FRENCH TERRITORY),14.4,-61.0,7.03
494,1767,CHINA,22.2,113.55,7.03
495,1767,UK,51.5,-0.08,7.03
2932,1767,USA TERRITORY,14.0,143.3,7.03
496,1768,PAPUA NEW GUINEA,-4.85,152.8,7.5
497,1768,JAPAN,26.2,127.5,6.5
2748,1769,HAITI,18.5,-72.3,7.03
499,1769,JAPAN,32.3,132.0,7.4
3493,1769,GREECE,38.4,12.2,6.5
501,1770,HAITI,18.5,-72.3,7.03
502,1770,PHILIPPINES,14.6,120.98,7.03
500,1770,INDONESIA,-5.0,102.0,7.0
503,1771,JAPAN,24.0,124.3,7.4
504,1771,INDONESIA,0.8,127.325,7.03
3494,1772,GREECE,38.8,26.7,7.03
2767,1773,MOROCCO,35.8,-5.83,7.03
507,1773,GUATEMALA,14.6,-90.7,7.03
2768,1775,CUBA,19.9,-76.0,7.03
2389,1775,HAITI,19.0,-72.3,7.03
513,1775,INDONESIA,-3.7,128.2,7.03
517,1775,HAITI,19.0,-72.4,7.03
518,1777,SWEDEN,62.36600000000001,17.333,7.03
524,1780,RUSSIA,45.3,151.2,7.5
525,1780,JAPAN,31.6,130.7,7.03
526,1780,JAMAICA,18.2,-78.1,7.03
528,1780,JAPAN,31.6,130.7,7.03
529,1781,JAPAN,31.58,130.67,7.03
5640,1781,TAIWAN,24.0,121.0,7.03
530,1781,JAMAICA,18.1,-77.3,7.03
533,1782,TAIWAN,24.5,120.5,7.0
534,1782,JAPAN,35.1,139.7,7.3
3208,1783,ITALY,38.9,17.1,7.03
2769,1783,ITALY,38.3,15.967,6.9
3209,1783,ITALY,38.217,15.633,5.9
3689,1783,ITALY,38.583,16.2,6.6
3210,1783,ITALY,38.766999999999996,16.3,5.9
3690,1783,ITALY,38.25,15.717,7.03
3211,1783,ITALY,38.783,16.467,6.9
3212,1784,ITALY,38.317,16.4,4.1
3213,1784,ITALY,38.167,15.633,4.1
539,1784,MEXICO,16.9,-99.9,7.03
3685,1784,PERU,-16.5,-72.0,8.0
544,1787,MEXICO,16.5,-98.5,8.3
545,1787,MEXICO,15.5,-97.0,7.3
547,1787,JAMAICA,18.47,-77.92,7.03
540,1787,PORTUGAL,38.5,-28.0,7.03
549,1788,USA,57.0,-153.0,8.0
551,1788,USA,55.0,-161.0,8.0
553,1789,JAPAN,38.0,141.0,7.03
3075,1790,ALGERIA,35.7,-0.6,7.03
556,1791,RUSSIA,56.0,163.0,6.8
557,1791,JAPAN,32.8,130.3,7.03
558,1791,JAPAN,34.5,135.4,6.5
559,1791,GREECE,37.8,21.0,7.0
562,1792,PORTUGAL,39.0,-28.0,7.03
567,1792,HOLLAND,52.37,4.53,7.03
568,1792,JAPAN,32.75,130.3,6.4
569,1792,JAPAN,43.5,140.6,6.9
3577,1792,TAIWAN,23.6,120.5,6.0
570,1792,RUSSIA,54.0,162.0,8.4
571,1792,JAPAN,34.5,136.7,7.03
560,1792,USA,57.0,-152.0,7.03
572,1793,JAPAN,40.85,139.95,6.9
573,1793,JAPAN,38.5,144.0,8.3
4962,1793,UK,50.363,-4.1419999999999995,7.03
3432,1794,GREECE,38.3,22.3,5.5
5585,1795,TRINIDAD AND TOBAGO,10.7,-61.7,7.03
575,1796,USA,54.0,-167.0,7.03
3682,1796,PHILIPPINES,16.0,119.5,7.03
576,1797,INDONESIA,0.001,99.0,8.0
577,1797,JAPAN,31.6,130.7,7.03
579,1798,COSTA RICA,10.2,-82.9,7.03
578,1798,FRANCE,43.566,4.183,7.03
582,1799,ICELAND,63.92,-22.695,7.03
583,1799,JAPAN,36.6,136.6,6.4
581,1799,PERU,-12.0,-77.0,7.03
580,1799,INDONESIA,-2.0,101.0,7.03
3214,1802,CROATIA,45.3,14.4,7.03
585,1802,ANTIGUA AND BARBUDA,17.2,-62.4,7.03
2376,1802,VENEZUELA,10.3,-64.5,7.03
586,1802,INDONESIA,-3.7,128.2,7.03
3215,1802,ALGERIA,36.5,2.9,7.03
588,1802,JAPAN,37.7,138.3,6.6
590,1804,GREECE,38.2,21.8,7.03
4278,1804,SPAIN,36.833,-2.833,7.03
591,1804,GREECE,38.3,21.8,6.7
593,1804,JAPAN,39.05,139.95,7.3
5610,1805,AUSTRALIA,-29.06,167.95,7.03
3217,1805,ITALY,41.5,14.467,6.6
2467,1806,USA,34.4,-119.7,7.03
3218,1806,ITALY,41.7,12.7,7.03
596,1806,PERU,-12.1,-77.1,7.5
5726,1806,FRENCH POLYNESIA,-9.0,-139.0,7.03
3219,1808,ITALY,44.833,7.25,5.7
599,1808,JAPAN,33.9,134.8,6.5
3220,1809,ITALY,44.8,7.2,7.03
602,1809,SOUTH AFRICA,-33.88,18.45,7.03
2933,1809,USA TERRITORY,14.0,143.3,7.03
3642,1810,GREECE,35.5,25.0,7.03
5702,1810,MEXICO,26.0,-111.35,7.4
603,1810,JAPAN,39.9,139.9,6.6
4254,1810,NORWAY,69.433,20.15,7.03
604,1811,CHILE,-33.0,-71.4,7.03
2442,1811,USA,35.6,-90.4,8.5
2443,1811,USA,35.6,-90.4,8.0
2444,1812,USA,36.3,-89.6,8.4
2445,1812,USA,36.5,-89.6,8.8
607,1812,VENEZUELA,10.6,-66.9,7.7
3538,1812,FRANCE,43.3,5.3660000000000005,7.03
608,1812,JAMAICA,18.0,-76.8,7.03
609,1812,USA,34.2,-119.9,7.5
3221,1813,ITALY,40.817,14.433,7.03
611,1814,INDONESIA,-10.217,123.633,7.03
613,1815,INDONESIA,-8.2,118.0,7.03
3132,1815,INDONESIA,-3.7,128.4,7.03
615,1815,INDONESIA,-8.0,115.0,7.0
616,1816,INDONESIA,5.0,96.5,7.03
2446,1817,USA,39.95,-75.1,7.03
3222,1817,ITALY,37.5,13.0,7.03
619,1817,GREECE,38.3,22.1,6.8
3223,1818,ITALY,37.6,15.133,6.0
3224,1818,ITALY,43.917,8.033,5.6
621,1818,INDONESIA,-4.0,101.5,7.0
622,1818,INDONESIA,-7.0,117.0,8.5
3225,1818,ITALY,44.75,10.4,7.03
3268,1819,ITALY,43.7,8.0,7.03
626,1819,CHILE,-27.0,-71.5,8.5
629,1819,INDIA,23.0,71.0,7.7
630,1819,NORWAY,66.416,12.85,5.8
623,1819,USA TERRITORY,19.67,145.4,7.03
631,1820,USA,54.52,-164.65,7.03
3269,1820,GREECE,38.8,20.8,6.6
633,1820,MEXICO,17.2,-99.6,7.6
635,1820,INDONESIA,-7.0,119.0,7.5
3271,1820,GREECE,37.75,21.25,6.9
5666,1820,USA,48.06,-122.36,7.03
3561,1820,CONGO,-4.5,11.6,6.2
637,1821,GREECE,37.8,21.3,6.5
2974,1821,COSTA RICA,10.1,-83.3,7.03
4315,1821,UK TERRITORY,-15.95,-5.7,7.03
2447,1821,USA,38.083,-75.208,7.03
636,1821,INDONESIA,-8.456,118.723,7.03
3273,1822,ITALY,37.45,14.25,7.03
640,1822,COSTA RICA,10.1,-83.3,7.6
3274,1822,TURKEY,36.0,36.0,7.1
641,1822,CHILE,-33.0,-72.0,8.5
3275,1823,ITALY,38.3,14.8,7.03
2448,1823,USA,42.7,-79.0,7.03
643,1823,INDONESIA,-6.5,108.5,6.8
644,1823,MARTINIQUE (FRENCH TERRITORY),14.4,-61.0,7.03
646,1824,GUADELOUPE (FRENCH TERRITORY),16.7,-62.2,7.03
647,1824,PHILIPPINES,14.25,121.25,7.03
648,1824,MARTINIQUE (FRENCH TERRITORY),14.4,-61.0,7.03
653,1825,GREECE,38.8,20.7,6.8
651,1825,COLOMBIA,11.1,-74.1,6.3
654,1825,USA,54.77,-164.18,7.03
2934,1825,USA TERRITORY,14.0,143.3,7.03
655,1825,TRINIDAD AND TOBAGO,10.4,-61.3,7.03
5445,1826,JAPAN,27.07,142.21,7.03
3289,1826,ITALY,43.8,13.0,7.03
657,1826,USA,55.0,-165.0,7.03
4602,1826,NEW ZEALAND,-45.78,166.48,7.03
663,1827,RUSSIA,53.0,158.5,7.03
664,1827,ECUADOR,-1.8,-76.4,7.0
667,1828,JAPAN,32.6,129.9,6.4
3290,1828,ITALY,44.8,9.2,7.03
668,1828,PHILIPPINES,14.55,120.9,7.5
672,1829,TURKEY,41.1,24.3,7.3
675,1830,PHILIPPINES,14.55,120.9,7.03
676,1830,PHILIPPINES,14.55,120.9,7.03
3291,1831,ITALY,43.8,7.8,7.03
3292,1831,ITALY,37.05,12.3,7.03
677,1831,TRINIDAD AND TOBAGO,12.4,-61.5,7.03
5552,1831,NEW ZEALAND,-38.7,178.0,7.03
3294,1832,ITALY,39.0,17.0,7.03
678,1833,ALBANIA,40.4,19.9,6.4
680,1833,MEXICO,16.8,-99.9,7.03
3578,1833,CHINA,25.2,103.0,8.0
5657,1833,PERU,-18.250999999999998,-71.01,7.7
681,1833,INDONESIA,-2.5,100.5,8.3
682,1833,JAPAN,38.9,139.15,7.4
684,1834,JAPAN,43.3,141.4,6.4
685,1834,MEXICO,16.8,-99.9,7.0
689,1835,CHILE,-36.83,-73.03,8.2
691,1835,JAPAN,37.9,141.9,7.6
5042,1836,AUSTRALIA,-43.3,148.9,7.03
695,1836,INDONESIA,-8.3,118.7,7.03
3295,1836,ITALY,39.6,16.6,7.03
697,1836,CHILE,-22.6,-70.3,7.5
700,1836,JAPAN,37.7,142.0,5.9
701,1836,INDONESIA,-8.3,118.7,7.5
702,1837,ISRAEL,33.0,35.5,7.03
5626,1837,NETHERLANDS,51.44,3.57,7.03
5494,1837,MEXICO,16.86,-99.88,6.5
706,1837,INDONESIA,5.5,96.0,7.3
5495,1837,MEXICO,19.45,-99.15,7.0
707,1837,"MICRONESIA, FED. STATES OF",7.5,146.5,7.03
708,1837,CHILE,-42.5,-74.0,8.5
710,1838,CHILE,-36.7,-73.1,7.03
3296,1838,CROATIA,45.3,14.5,7.03
711,1839,CHILE,-33.62,-76.83,7.03
713,1839,JAPAN,42.5,145.0,7.3
5520,1839,NEW ZEALAND,-46.626999999999995,169.12599999999998,7.03
715,1840,INDONESIA,-8.0,110.5,7.0
722,1840,PERU,-12.3,-77.3,7.03
718,1840,INDONESIA,0.8,127.325,7.03
719,1840,PHILIPPINES,12.9,123.9,6.5
5521,1840,NEW ZEALAND,-36.836,175.692,7.03
5522,1840,NEW ZEALAND,-37.61,178.35,7.03
2355,1840,USA,39.8,-75.2,5.2
723,1841,RUSSIA,52.0,158.0,8.4
724,1841,INDONESIA,-5.0,130.0,7.03
725,1841,INDONESIA,-4.0,127.5,6.0
726,1842,HAITI,19.75,-72.2,8.1
727,1842,BANGLADESH,24.0,89.25,6.0
728,1843,INDONESIA,1.5,98.0,7.3
729,1843,INDONESIA,-7.2,114.0,6.0
730,1843,GUADELOUPE (FRENCH TERRITORY),16.5,-62.2,8.3
731,1843,GUADELOUPE (FRENCH TERRITORY),15.933,-61.266999999999996,7.03
732,1843,JAPAN,42.0,146.0,8.4
733,1843,NEW ZEALAND,-39.9,175.0,7.5
735,1843,CROATIA,42.6,18.1,6.5
734,1843,GREECE,36.3,27.6,6.5
738,1844,CROATIA,43.4,16.7,7.03
5667,1844,NICARAGUA,11.2,-84.8,7.4
741,1845,INDONESIA,1.5,124.85,7.0
742,1845,MEXICO,17.0,-100.6,8.0
3311,1845,ITALY,36.4,13.44,7.03
743,1845,INDIA,23.583000000000002,68.367,6.3
744,1845,NEW ZEALAND,-39.93,175.05,7.03
749,1846,INDONESIA,2.0,126.5,7.3
750,1846,JAPAN,39.5,142.5,6.9
5551,1846,NEW ZEALAND,-38.96,175.73,7.03
3313,1846,ITALY,43.4,10.6,6.1
3314,1846,ITALY,43.5,10.5,7.03
3324,1846,ITALY,43.3,10.7,7.03
751,1847,PERU,-12.1,-77.1,7.03
756,1847,CHILE,-31.61,-71.18,7.03
757,1847,INDIA,7.332999999999999,93.667,7.03
759,1848,FRENCH POLYNESIA,-17.9,-149.9,7.03
2793,1848,CANADA,52.61600000000001,-55.766000000000005,7.03
760,1848,NEW ZEALAND,-41.9,173.6,7.9
763,1849,USA TERRITORY,14.0,143.3,7.5
767,1849,RUSSIA,55.0,166.0,7.03
772,1849,CHILE,-29.95,-71.37,7.5
774,1850,JAPAN,39.5,142.0,7.03
773,1850,NORTHWEST PACIFIC OCEAN,20.6,134.8,7.03
3770,1851,GREECE,36.5,28.7,7.2
775,1851,TURKEY,35.5,28.7,7.2
780,1851,INDONESIA,-5.0,105.0,7.03
781,1851,USA,37.8,-122.4,7.03
783,1851,CHILE,-27.35,-70.35,7.2
3372,1851,ITALY,43.75,10.3,4.1
784,1851,ALBANIA,40.5,19.7,6.6
5454,1852,INDONESIA,-6.5,105.5,6.5
788,1852,CUBA,20.0,-75.8,7.03
790,1852,PHILIPPINES,14.0,120.5,7.5
794,1852,INDONESIA,1.5,98.0,6.8
796,1852,INDONESIA,-3.7,128.2,7.03
799,1852,INDONESIA,-5.25,129.75,8.3
801,1852,PERU,-12.1,-77.1,7.03
802,1852,MEXICO,32.5,-115.5,7.0
803,1852,MEXICO,17.0,-100.0,7.0
804,1852,INDONESIA,-5.0,130.5,7.0
807,1853,VENEZUELA,10.5,-64.2,6.7
808,1853,GREECE,38.25,23.5,7.03
5475,1853,JAPAN,26.2,127.6,7.03
809,1853,TAIWAN,24.0,121.83,7.03
810,1853,RUSSIA,47.0,152.0,7.03
811,1853,TONGA,-21.166999999999998,-175.167,7.03
805,1853,USA,58.63,-137.57,7.03
815,1854,INDONESIA,-3.5,128.6,6.0
816,1854,NORTHWEST PACIFIC OCEAN,20.9,134.8,7.03
818,1854,USA,57.0,-152.0,7.03
819,1854,USA,34.4,-119.7,7.03
820,1854,RUSSIA,51.0,158.0,7.0
821,1854,RUSSIA,50.9,155.5,7.03
824,1854,COSTA RICA,8.5,-83.0,7.2
825,1854,COSTA RICA,8.5,-83.0,7.2
827,1854,INDONESIA,0.8,127.4,7.03
829,1854,USA,37.8,-122.4,7.03
834,1854,MEXICO,16.8,-99.2,7.03
835,1854,JAPAN,34.0,137.9,8.3
837,1854,JAPAN,33.1,135.0,8.4
3377,1854,FRANCE,43.8,7.9,7.03
839,1855,NEW ZEALAND,-41.25,175.0,8.0
5523,1855,NEW ZEALAND,-41.93,174.09,7.03
5507,1855,NEW ZEALAND,-39.2,177.6,5.5
844,1855,USA,40.75,-124.2,6.0
845,1855,INDONESIA,-9.0,121.0,7.03
846,1855,USA,34.1,-118.1,6.0
847,1855,CHILE,-33.0,-71.7,7.03
848,1855,HONDURAS,15.91,-85.96,7.03
849,1855,USA,37.8,-122.4,7.03
850,1855,JAPAN,34.5,137.6,7.0
851,1855,JAPAN,35.65,139.8,7.0
5426,1855,JAPAN,32.5,134.5,7.0
3567,1855,CHINA,29.2,108.1,4.8
856,1856,USA,37.5,-122.3,5.5
859,1856,INDONESIA,3.67,125.5,7.03
858,1856,NEW ZEALAND,-44.0,172.0,7.03
861,1856,INDONESIA,-8.5,116.0,7.03
862,1856,USA,54.6,-165.0,7.03
2377,1856,HONDURAS,16.0,-88.0,7.5
3438,1856,ALGERIA,37.1,5.7,7.03
3380,1856,ALGERIA,37.1,5.7,7.03
864,1856,JAPAN,40.5,143.5,8.0
5503,1856,JAPAN,35.6,139.7,7.03
866,1856,GREECE,35.5,26.0,8.3
867,1856,GREECE,38.5,26.25,6.6
3639,1857,SUDAN,4.9,31.7,7.03
869,1857,PAPUA NEW GUINEA,-5.5,147.0,8.0
870,1857,INDONESIA,-8.0,115.5,7.0
3439,1857,ALGERIA,36.5,1.3,7.03
871,1857,JAPAN,34.8,138.3,6.4
868,1857,TURKEY,40.2,29.0,7.03
872,1857,INDONESIA,1.35,125.2,7.03
873,1857,INDONESIA,1.35,125.2,7.03
3440,1858,GREECE,37.9,22.9,6.5
875,1858,CHILE,-30.0,-71.4,6.5
3540,1858,UK,51.03,1.61,7.03
876,1858,JAPAN,26.2,127.5,7.03
879,1858,INDONESIA,1.0,126.0,7.3
880,1859,INDONESIA,1.0,126.5,7.0
881,1859,INDONESIA,-4.6,129.9,7.03
882,1859,INDONESIA,0.009000000000000001,125.5,7.3
3381,1859,TURKEY,40.0,26.0,6.8
884,1859,EL SALVADOR,13.33,-87.81,6.2
887,1859,INDONESIA,-5.5,130.5,6.8
888,1859,CHILE,-27.35,-70.35,7.6
892,1859,INDONESIA,-9.0,111.0,7.03
5002,1859,AUSTRALIA,-40.85,145.32,7.03
894,1859,EL SALVADOR,13.7,-89.8,7.0
895,1859,INDONESIA,0.9,124.9,7.03
896,1859,INDONESIA,1.37,125.1,7.03
898,1860,MEXICO,16.7,-99.2,7.03
897,1860,HAITI,18.52,-73.35,7.5
900,1860,PERU,-12.1,-77.1,7.03
901,1860,INDONESIA,1.3,121.0,7.03
902,1860,INDONESIA,-1.25,128.5,7.03
904,1861,INDONESIA,-1.0,97.5,8.5
907,1861,INDONESIA,0.009000000000000001,98.0,7.0
906,1861,INDONESIA,-3.7,128.2,7.03
909,1861,INDONESIA,1.0,97.5,7.0
912,1861,INDONESIA,-6.3,107.3,7.03
913,1861,INDONESIA,1.0,97.5,6.8
914,1861,INDONESIA,-1.5,100.0,6.5
915,1861,JAPAN,38.5,142.0,7.4
918,1861,GREECE,38.2,22.2,7.3
3442,1862,GREECE,38.25,22.25,7.03
920,1862,PHILIPPINES,14.5,121.0,6.0
921,1862,INDONESIA,-6.7,108.57,7.03
922,1862,USA,32.7,-117.2,5.9
3560,1862,GHANA,7.0,0.4,6.5
927,1863,INDONESIA,-6.1,106.7,7.03
3445,1863,GREECE,36.5,28.0,7.03
928,1863,PHILIPPINES,14.5,121.0,6.5
929,1863,VANUATU,-19.0,168.5,7.5
930,1863,JAPAN,44.6,141.5,6.4
4742,1864,HAITI,18.2,-72.53,7.03
934,1864,INDONESIA,-1.0,135.0,7.8
2794,1864,CANADA,46.5,-53.7,7.03
935,1865,PERU,-12.0,-77.1,7.03
936,1865,JAPAN,26.2,127.5,7.03
938,1865,USA,54.0,-167.0,7.03
939,1865,USA,37.0,-122.0,7.03
940,1865,USA,37.2,-121.9,6.3
942,1865,PHILIPPINES,13.25,123.5,6.0
943,1865,TONGA,-19.5,-173.5,8.0
944,1865,PERU,-12.08,-77.0,7.03
945,1866,ALBANIA,40.3,19.4,6.5
948,1866,GREECE,36.4,25.3,6.1
950,1866,GREECE,38.3,26.2,7.03
951,1866,GREECE,36.0,23.0,6.0
952,1866,ALBANIA,40.4,19.5,6.3
953,1866,GREECE,36.404,25.396,6.0
955,1866,AUSTRALIA,-33.8,151.3,7.03
956,1866,AUSTRALIA,-33.8,151.3,7.03
957,1866,USA,58.0,-152.0,7.03
958,1866,USA TERRITORY,-14.214,-169.59,7.03
3446,1867,GREECE,38.39,20.52,7.4
3447,1867,ITALY,46.0,8.7,7.03
4241,1867,NORWAY,58.667,6.167000000000001,7.03
963,1867,AUSTRALIA,-33.8,151.3,7.03
965,1867,GREECE,36.4,22.2,7.1
962,1867,VENEZUELA,10.9,-64.1,7.5
966,1867,USA TERRITORY,18.1,-65.1,7.5
967,1867,TAIWAN,25.34,121.91,7.0
969,1868,USA TERRITORY,18.1,-65.1,7.03
971,1868,USA,19.0,-155.5,7.9
975,1868,USA,55.0,-161.0,7.03
3450,1868,ITALY,45.7,10.7,7.03
976,1868,MEXICO,16.8,-99.2,7.03
981,1868,MEXICO,16.8,-99.9,7.03
983,1868,CHILE,-18.6,-71.0,8.5
982,1868,VENEZUELA,10.7,-63.1,8.5
5484,1868,CHILE,-18.6,-71.0,8.5
988,1868,INDIA,11.67,92.73,7.03
3451,1868,ITALY,37.6,15.133,7.03
989,1868,CHILE,-36.7,-73.2,7.03
991,1868,PERU,-17.0,-72.5,7.03
992,1868,CHILE,-33.1,-71.7,7.03
5508,1868,NEW ZEALAND,-40.2,173.0,7.6
993,1868,USA,37.7,-122.1,6.8
5549,1869,NEW ZEALAND,-39.05,174.07,7.03
995,1869,CHILE,-36.6,-73.0,7.03
996,1869,CHILE,-39.9,-73.4,7.03
5509,1869,NEW ZEALAND,-42.718999999999994,170.96099999999998,7.03
5548,1869,NEW ZEALAND,-45.09,170.98,7.03
999,1869,PERU,-12.1,-77.1,7.03
3040,1869,CHILE,-19.6,-70.2,7.03
1003,1869,USA,20.0,-155.0,7.03
1004,1869,CHILE,-30.0,-71.4,7.03
1005,1869,AUSTRALIA,-33.8,151.3,7.03
1006,1869,PHILIPPINES,12.5,123.5,7.0
5408,1869,CHILE,-21.0,-70.0,6.8
1010,1869,CHILE,-19.6,-70.23,7.5
2294,1869,UKRAINE,44.75,35.0,5.6
1012,1869,GREECE,38.8,20.7,6.9
5510,1870,NEW ZEALAND,-41.29,174.78,7.03
5524,1870,NEW ZEALAND,-41.75,171.58,7.03
2330,1870,MEXICO,15.4,-96.3,7.9
1013,1870,EGYPT,32.2,29.6,7.03
3455,1870,CROATIA,43.03,16.15,7.03
3420,1870,GREECE,38.5,22.5,7.0
1015,1870,AUSTRALIA,-33.8,151.3,7.03
5665,1870,CANADA,47.4,-70.5,7.03
3422,1870,ITALY,39.28,16.28,7.03
1016,1871,PERU,-13.65,-76.4,7.03
5411,1871,MEXICO,18.2,-94.5,7.03
1019,1871,USA,20.7,-157.0,7.0
1022,1871,INDONESIA,2.28,125.425,7.03
1023,1871,CHILE,-35.0,-72.5,7.5
5525,1871,NEW ZEALAND,-41.75,171.58,7.03
1020,1871,PHILIPPINES,9.203,124.67299999999999,7.03
2357,1871,USA,40.5,-73.9,7.03
1024,1871,CHILE,-33.1,-71.7,7.03
1025,1871,PERU,-13.0,-77.0,7.0
1027,1871,INDONESIA,0.5,123.0,7.03
5547,1871,NEW ZEALAND,-42.72,170.96,7.03
5414,1871,FRANCE,48.7,-2.0,7.03
1031,1871,CHILE,-41.5,-73.0,7.03
1034,1872,PERU,-16.4,-71.5,6.5
1037,1872,PHILIPPINES,16.0,119.0,6.0
1038,1872,JAPAN,34.9,132.0,7.4
1039,1872,USA,36.7,-118.1,7.3
5677,1872,USA,43.5,-78.0,7.03
1040,1872,USA,52.2,-168.5,7.03
1044,1872,USA,44.183,-68.917,7.03
5415,1872,JAPAN,27.07,142.21,7.03
2378,1873,PANAMA,8.96,-79.53,7.03
1053,1873,CHILE,-23.6,-70.4,7.03
1055,1873,USA,42.0,-124.0,6.7
1049,1873,PAPUA NEW GUINEA,-5.5,146.0,8.0
1057,1874,USA TERRITORY,18.1,-65.1,7.03
2607,1874,USA,58.64,-137.57,7.03
5284,1874,BANGLADESH,22.0,89.0,7.03
1061,1875,MEXICO,20.0,-105.0,7.03
3453,1875,ITALY,44.2,12.4,7.03
1062,1875,NEW CALEDONIA,-20.0,168.5,8.0
1063,1875,VANUATU,-18.5,168.0,7.0
1059,1875,PAPUA NEW GUINEA,-6.0,147.0,7.0
1064,1876,INDONESIA,-3.0,127.25,6.8
1069,1877,USA,35.0,-120.0,7.03
1075,1877,CHILE,-21.5,-70.5,8.3
1077,1877,PERU,-12.07,-77.15,7.03
1079,1877,CHILE,-21.2,-70.1,7.03
1080,1877,CHILE,-19.6,-70.2,7.03
1081,1877,CHILE,-20.2,-70.1,7.03
1082,1877,CHILE,-33.0,-71.6,7.03
5681,1877,VIETNAM,10.8,108.3,7.03
1083,1877,CHILE,-24.0,-71.0,7.03
5493,1877,COLOMBIA,3.88,-77.08,7.03
5546,1877,NEW ZEALAND,-38.02,178.33,7.03
1086,1878,VANUATU,-19.0,168.5,7.5
1090,1878,CHILE,-19.92,-70.335,7.9
1091,1878,PERU,-12.0,-77.0,7.03
1092,1878,CHILE,-33.0,-71.6,7.03
1094,1878,CHILE,-20.2,-70.1,7.03
1095,1878,PAPUA NEW GUINEA,-4.25,152.25,7.03
3585,1878,PERU,-12.0,-77.0,7.03
1096,1878,VANUATU,-19.0,168.5,8.0
1097,1878,CHILE,-36.8,-73.0,7.03
1099,1878,CHILE,-20.2,-70.1,7.03
1100,1878,CHILE,-20.2,-70.1,7.03
2322,1878,TURKEY,40.8,20.9,6.7
1105,1878,CHILE,-23.7,-70.4,7.03
1106,1878,CHILE,-18.3,-70.5,7.03
1109,1878,USA,54.0,-167.0,7.03
5561,1878,VANUATU,-19.0,168.5,7.03
1110,1878,CHILE,-20.2,-70.2,7.03
1112,1878,USA,35.18,-120.73100000000001,7.03
1113,1878,CHILE,-33.0,-71.6,7.03
5480,1879,ITALY,38.789,15.213,7.03
5526,1879,NEW ZEALAND,-42.45,171.21,7.03
3644,1879,EGYPT,29.0,33.0,5.9
1114,1879,CHILE,-33.0,-71.6,7.03
1115,1879,USA,34.227,-118.43299999999999,7.03
2450,1879,USA,41.28,-70.08,7.03
4243,1880,NORWAY,62.083,7.117000000000001,7.03
3456,1880,ITALY,37.27,14.68,7.03
1117,1880,PHILIPPINES,16.0,121.85,7.5
1118,1880,CHILE,-31.62,-71.18,7.7
5511,1880,NEW ZEALAND,-38.85,178.85,7.0
5634,1880,AUSTRALIA,-33.8,151.3,7.03
1119,1880,USA,55.8,-155.6,6.3
1120,1880,USA,57.0,-136.0,6.3
1121,1880,JAPAN,36.7,137.3,7.03
3458,1881,GREECE,38.2,26.2,6.5
3459,1881,GREECE,38.2,26.2,7.03
5527,1881,NEW ZEALAND,-43.69,172.9,7.03
1122,1881,FIJI,-16.0,179.0,7.03
1123,1881,CHILE,-20.2,-70.1,7.03
1124,1881,JAMAICA,17.97,-76.8,7.03
1125,1881,JAPAN,43.3,147.3,7.0
1126,1881,CHILE,-19.6,-70.2,7.03
3460,1881,GREECE,38.4,21.4,7.03
1128,1881,INDIA,8.52,92.43,7.9
1130,1882,SRI LANKA,8.567,81.233,7.03
1131,1882,CHILE,-33.58,-71.63,7.03
5528,1882,NEW ZEALAND,-41.32,175.84,7.03
5682,1882,VIETNAM,10.8,108.1,7.03
1132,1882,PANAMA,10.0,-79.0,7.9
1134,1882,CHILE,-19.6,-70.2,7.03
1135,1882,INDONESIA,-4.5,129.9,7.5
1129,1882,TAIWAN,24.5,120.5,6.2
5458,1883,INDONESIA,-6.004,106.781,7.03
1138,1883,INDONESIA,-2.25,106.0,7.03
1139,1883,GREECE,39.5,20.0,7.03
1142,1883,INDONESIA,-6.102,105.42299999999999,7.03
1143,1883,USA,59.4,-153.4,7.03
1144,1883,INDONESIA,-6.102,105.42299999999999,7.03
5645,1883,USA,19.133,-155.505,7.03
1146,1884,URUGUAY,-34.917,-56.167,7.03
1147,1884,USA,38.0,-122.0,7.03
3355,1884,FIJI,-16.0,179.0,7.03
1145,1884,INDONESIA,-6.102,105.42299999999999,7.03
3645,1884,ERITREA,15.7,39.6,6.2
2359,1884,USA,40.6,-73.75,5.5
2451,1884,USA,42.35,-82.95,7.03
1148,1884,PANAMA,7.5,-79.0,7.5
1149,1884,USA,40.0,-122.0,7.03
2707,1884,USA,41.31,-72.92,7.03
1153,1885,INDONESIA,-2.5,127.5,7.3
1154,1885,INDONESIA,0.0,99.5,6.8
1155,1885,INDONESIA,1.1,124.3,7.03
1156,1885,CHILE,-20.2,-70.1,7.03
1160,1885,INDONESIA,5.55,95.3,7.03
1162,1886,INDONESIA,5.6,95.3,7.03
1164,1886,GREECE,37.1,21.5,7.5
2360,1886,USA,32.9,-80.0,7.3
5545,1886,NEW ZEALAND,-43.957,168.61599999999999,7.03
1166,1887,PHILIPPINES,10.7,122.6,7.03
1167,1887,USA,19.0,-155.0,7.03
3462,1887,ITALY,43.7,8.1,7.03
1168,1887,MEXICO,31.0,-109.0,8.0
1163,1887,INDONESIA,5.4,96.0,7.03
1170,1887,HAITI,19.7,-74.4,7.03
1172,1887,GREECE,38.3,22.8,6.2
1175,1888,PAPUA NEW GUINEA,-5.52,148.121,7.03
1176,1888,INDONESIA,5.8,95.0,7.03
4245,1888,NORWAY,63.433,10.383,7.03
5322,1888,URUGUAY,-34.5,-57.9,7.03
3568,1888,CHINA,38.5,119.0,7.5
3464,1888,GREECE,38.2,22.1,6.1
1178,1889,PHILIPPINES,13.5,121.0,6.8
1180,1889,INDONESIA,-6.05,105.92,7.03
1181,1889,INDONESIA,1.0,126.25,8.0
1184,1889,INDONESIA,-7.0,113.5,6.0
3465,1889,ITALY,42.05,15.5,7.03
3564,1890,IRAN,36.6,54.6,7.2
3466,1891,ALGERIA,36.5,1.8,7.03
1185,1891,INDONESIA,5.4,96.0,7.03
1186,1891,INDONESIA,-0.5,127.5,7.03
1187,1891,INDONESIA,-4.0,129.0,7.03
1188,1891,NEW ZEALAND,-37.4,174.4,7.03
1189,1891,MEXICO,25.5,-103.5,7.03
5529,1891,NEW ZEALAND,-43.51,172.73,7.03
1190,1891,INDONESIA,-9.0,124.0,7.0
1192,1891,USA,48.0,-123.5,7.03
5615,1892,CHILE,-18.5,-70.35,7.03
5616,1892,URUGUAY,-34.917,-56.167,7.03
1195,1892,USA TERRITORY,14.0,143.3,7.5
1196,1892,INDONESIA,2.5,99.5,7.03
1197,1892,INDONESIA,3.67,125.5,7.03
5608,1892,TONGA,-19.75,-175.07,7.03
1198,1892,VANUATU,-15.25,166.83,7.03
3467,1892,ITALY,40.54,13.0,7.03
1199,1892,INDONESIA,-3.0,127.75,7.0
1200,1892,JAPAN,37.0,136.8,6.5
1202,1893,GREECE,40.5,25.5,6.5
2973,1893,JAMAICA,17.97,-76.8,7.03
1210,1893,GREECE,37.7,20.9,6.4
1203,1893,RUSSIA,43.3,147.5,7.0
1204,1893,JAPAN,42.5,145.5,6.9
1205,1893,ALBANIA,40.2,19.7,7.5
4314,1893,PHILIPPINES,6.9,125.8,7.03
1206,1893,VANUATU,-17.75,168.3,6.0
1207,1893,VANUATU,-17.75,168.3,7.03
1208,1894,JAPAN,42.5,146.0,7.9
1212,1894,GREECE,38.7,23.1,7.0
5633,1894,MEXICO,25.4,-108.95,7.03
1213,1894,TURKEY,40.6,28.7,6.7
1214,1894,JAPAN,38.9,139.8,7.0
3406,1894,ITALY,38.3,15.9,7.03
1215,1894,ATLANTIC OCEAN,49.0,-34.5,7.03
3036,1894,USA,47.286,-122.445,7.03
1219,1895,PAPUA NEW GUINEA,-8.4,150.1,7.3
1224,1895,JAPAN,33.0,130.0,7.03
5628,1895,CHILE,-18.0,-71.0,7.03
3536,1895,TURKMENISTAN,39.5,53.7,8.2
5627,1895,NEW ZEALAND,-43.688,172.9,7.03
5512,1895,NEW ZEALAND,-38.8,176.0,6.0
2452,1895,USA,40.667,-74.883,4.3
2453,1895,USA,37.0,-89.4,6.7
3408,1895,ITALY,41.7,12.2,7.03
1231,1896,JAPAN,36.5,141.0,7.6
5622,1896,JAMAICA,17.6,-76.7,7.03
1234,1896,JAPAN,39.5,144.0,8.3
1235,1896,INDONESIA,-3.5,102.5,6.8
3409,1896,ITALY,43.7,8.1,7.03
1237,1897,JAPAN,38.1,141.9,7.4
1238,1897,INDONESIA,-6.8,120.8,5.5
5629,1897,SOLOMON ISLANDS,-10.38,165.8,7.03
5624,1897,NEW ZEALAND,-43.6,172.8,7.03
5262,1897,INDIA,26.0,91.0,8.7
1240,1897,MEXICO,16.0,-95.0,7.0
1241,1897,JAPAN,38.0,143.7,7.7
5455,1897,PHILIPPINES,6.0,122.0,8.6
1244,1897,PHILIPPINES,6.0,122.0,8.7
1243,1897,NEW ZEALAND,-41.3,174.8,7.03
5456,1897,PHILIPPINES,12.0,126.0,8.1
5621,1897,DOMINICAN REPUBLIC,18.5,-69.95,7.03
5623,1897,MONTSERRAT,16.72,-62.18,7.03
1248,1898,USA,38.2,-122.4,6.2
1249,1898,JAPAN,38.6,142.0,7.2
3498,1898,GREECE,37.6,22.5,7.0
1250,1898,CHILE,-36.83,-73.03,6.5
1251,1898,GREECE,37.75,21.0,7.03
1255,1899,PAPUA NEW GUINEA,-3.0,152.0,7.03
1254,1899,GREECE,37.2,21.6,6.6
4862,1899,AUSTRALIA,-12.4,130.7,7.03
1256,1899,PORTUGAL,38.7,-28.2,7.03
1257,1899,CHILE,-33.0,-71.5,7.03
1258,1899,USA,60.0,-142.0,8.2
1260,1899,USA,60.0,-140.0,8.2
1266,1899,INDONESIA,-3.0,128.5,7.8
5421,1899,JAPAN,35.1,138.75,7.03
5562,1899,PAPUA NEW GUINEA,-5.0,148.0,7.03
1268,1899,JAPAN,31.9,132.0,7.1
1269,1899,JAPAN,32.7,132.3,6.9
1270,1899,USA,33.8,-118.5,6.4
5719,1899,VIETNAM,19.0,106.0,7.03
5459,1900,INDONESIA,1.82,127.85,7.03
2812,1900,USA,58.6,-137.5,7.03
1272,1900,PAPUA NEW GUINEA,-4.0,152.0,6.8
1274,1900,PAPUA NEW GUINEA,-5.0,148.0,7.1
1275,1900,INDONESIA,-4.0,140.0,6.9
1276,1900,VENEZUELA,11.0,-66.0,8.4
1277,1901,USA,36.0,-120.5,6.7
3725,1901,BULGARIA,43.4,28.5,7.2
1278,1901,JAPAN,39.0,143.0,6.0
1279,1901,JAPAN,28.0,130.3,7.5
1281,1901,JAPAN,40.5,142.5,7.2
1280,1901,NEW CALEDONIA,-22.0,170.0,7.9
1282,1901,JAPAN,40.6,142.3,7.4
1283,1901,JAPAN,40.5,142.5,6.3
1284,1901,PHILIPPINES,14.0,121.6,7.0
5162,1901,NICARAGUA,11.0,-86.5,7.0
1286,1901,USA,51.45,-171.02,7.1
5062,1902,GUATEMALA,14.71,-91.59,6.3
1287,1902,EL SALVADOR,13.5,-89.5,7.0
5063,1902,GUATEMALA,14.0,-91.0,7.5
2881,1902,MARTINIQUE (FRENCH TERRITORY),14.82,-61.17,7.03
2873,1902,SAINT VINCENT AND THE GRENADINES,13.33,-61.18,7.03
1288,1902,MARTINIQUE (FRENCH TERRITORY),14.82,-61.17,7.03
2433,1902,MARTINIQUE (FRENCH TERRITORY),14.82,-61.17,7.03
5696,1902,MARTINIQUE (FRENCH TERRITORY),14.602,-61.065,7.03
1289,1902,GREECE,40.75,23.25,6.6
5697,1902,MARTINIQUE (FRENCH TERRITORY),14.552999999999999,-61.00899999999999,7.03
5082,1902,MEXICO,24.6,-107.9,7.03
1290,1902,PHILIPPINES,7.5,123.5,7.3
1291,1902,MARTINIQUE (FRENCH TERRITORY),14.82,-61.17,7.03
5102,1902,GUATEMALA,14.0,-91.0,7.03
2772,1903,USA TERRITORY,14.0,143.3,7.03
1294,1903,INDONESIA,-3.0,127.5,6.5
3410,1903,ITALY,38.1,13.4,7.03
1296,1903,MEXICO,16.7,-99.2,7.03
1299,1903,CHILE,-20.2,-70.15,7.03
5653,1903,CANADA,64.98,-66.2,7.03
1307,1903,CHILE,-28.5,-71.0,6.5
1308,1904,COLOMBIA,7.0,-79.0,7.9
1309,1904,INDONESIA,1.5,120.8,7.03
1312,1904,RUSSIA,52.0,159.0,8.3
1313,1904,RUSSIA,52.0,159.0,8.1
1315,1904,INDONESIA,-3.6,128.7,7.03
1317,1904,NEW ZEALAND,-40.4,176.4,7.2
5544,1904,NEW ZEALAND,-39.12,177.2,7.03
1318,1904,INDONESIA,-7.7,109.0,7.03
5573,1904,PANAMA,9.2,-82.8,7.2
3542,1905,NORWAY,61.86600000000001,6.85,7.03
3499,1905,GREECE,39.66,22.83,6.3
5587,1905,COSTA RICA,9.85,-84.68,6.8
5496,1905,MEXICO,19.0,-113.0,7.03
1322,1905,INDIA,33.0,76.0,7.8
1323,1905,USA,60.0,-139.58,7.03
1324,1905,JAPAN,37.4,142.6,7.0
1326,1905,SAMOA,-13.612,-172.525,7.03
3411,1905,ITALY,38.67,16.07,7.1
2296,1905,RUSSIA,44.5,37.5,5.1
3727,1905,GEORGIA,42.0,42.0,7.5
4842,1905,VANUATU,-17.7,168.3,7.03
4843,1905,VANUATU,-17.7,168.3,7.03
1328,1905,PHILIPPINES,11.0,123.5,6.5
3412,1905,TUNISIA,37.3,9.9,7.03
1331,1906,ECUADOR,1.0,-81.5,8.8
2627,1906,VENEZUELA,10.5,-66.916,7.03
1332,1906,ECUADOR,1.0,-81.0,7.03
2892,1906,COLOMBIA,3.9,-77.033,7.03
3413,1906,ITALY,40.821,14.425999999999998,7.03
1333,1906,USA,37.7,-122.5,7.9
1334,1906,CHILE,-18.5,-70.3,7.03
5465,1906,EL SALVADOR,13.25,-88.83,7.03
1337,1906,USA,33.9,-117.0,7.03
1339,1906,CHILE,-33.0,-72.0,8.2
1340,1906,PAPUA NEW GUINEA,-7.0,149.0,8.0
1344,1906,PAPUA NEW GUINEA,-4.0,149.0,7.2
3559,1906,GHANA,6.5,0.3,5.0
1346,1906,SAMOA,-13.612,-172.525,7.03
1347,1906,PERU,-18.0,-71.0,7.9
2379,1906,VENEZUELA,10.6,-66.95,7.03
1349,1907,INDONESIA,2.0,94.5,7.6
1350,1907,JAMAICA,18.0,-76.8,6.5
1351,1907,INDONESIA,3.0,122.0,7.3
1353,1907,MEXICO,17.0,-100.0,8.1
1356,1907,SAMOA,-13.612,-172.525,7.03
1357,1907,SAMOA,-13.612,-172.525,7.03
1358,1907,SAMOA,-13.612,-172.525,7.03
1359,1907,SAMOA,-13.612,-172.525,7.03
1360,1907,SAMOA,-13.612,-172.525,7.03
1365,1907,TONGA,-21.38,-175.65,7.03
1362,1907,USA,59.5,-135.5,5.5
1363,1907,SAMOA,-13.612,-172.525,7.03
3415,1907,ITALY,38.133,16.017,5.9
1364,1907,PAPUA NEW GUINEA,-3.1,142.5,7.4
1367,1908,INDONESIA,-2.0,100.0,7.5
1368,1908,USA,61.0,-146.2,6.0
1369,1908,INDONESIA,-10.0,129.0,6.6
5662,1908,CANADA,45.77,-75.6,7.03
4309,1908,UKRAINE,44.0,34.0,6.5
3531,1908,CANADA,48.958,-62.133,7.03
1371,1908,USA,19.0,-155.0,6.8
1372,1908,PERU,-14.0,-78.0,8.2
1373,1908,ITALY,38.17,15.58,7.0
4502,1909,COOK ISLANDS,-21.0,-159.0,7.03
1374,1909,JAPAN,34.5,141.5,6.7
1375,1909,JAPAN,34.5,141.5,7.5
1376,1909,INDONESIA,-2.0,101.0,7.6
1379,1909,CHILE,-26.5,-70.5,7.6
5122,1909,VANUATU,-15.5,167.2,7.03
1382,1909,MEXICO,16.8,-99.8,7.4
1384,1909,JAPAN,35.4,136.3,6.9
1386,1909,USA TERRITORY,12.5,145.0,8.0
1387,1910,PAPUA NEW GUINEA,-4.25,152.25,6.0
4942,1910,USA,64.0,-165.0,7.03
4922,1910,VANUATU,-14.0,166.5,7.2
1390,1910,INDONESIA,4.0,127.0,6.7
1391,1910,PHILIPPINES,9.0,125.5,6.2
1392,1911,PHILIPPINES,14.002,120.993,7.03
3500,1911,ALBANIA,40.9,20.8,6.7
1393,1911,PAPUA NEW GUINEA,-4.25,152.25,7.03
1395,1911,TOGO,6.1,1.2,6.6
1396,1911,JAPAN,28.0,130.0,8.0
1397,1911,PHILIPPINES,9.0,126.0,7.8
1398,1911,CHILE,-20.0,-72.0,7.3
1399,1911,USA,60.5,-149.0,6.9
1400,1911,TRINIDAD AND TOBAGO,10.5,-61.2,7.03
3501,1912,GREECE,38.12,20.67,6.8
2361,1912,USA,42.0,-81.0,7.03
1401,1912,JAPAN,40.5,142.0,6.6
2325,1912,TURKEY,40.5,27.2,7.8
1403,1912,"MICRONESIA, FED. STATES OF",7.0,138.0,6.9
1405,1913,NEW ZEALAND,-41.8,171.5,6.8
1407,1913,INDONESIA,5.354,126.12100000000001,7.8
2454,1913,USA,39.314,-74.525,7.03
1408,1913,PERU,-16.6,-73.3,7.0
1409,1913,PERU,-17.0,-74.0,7.9
5668,1913,PANAMA,7.1,-80.6,6.7
1410,1913,PAPUA NEW GUINEA,-7.0,148.0,7.0
1412,1914,JAPAN,31.58,130.67,7.1
1411,1914,PERU,-12.0,-76.6,7.03
3416,1914,ITALY,43.5,10.2,7.03
1413,1914,PERU,-17.0,-72.0,7.2
1416,1914,INDONESIA,-1.829,136.94299999999998,8.1
3532,1914,CANADA,48.958,-62.133,7.03
1418,1914,INDONESIA,-3.924,101.82,7.6
5542,1914,NEW ZEALAND,-37.8,178.2,7.03
1420,1914,GREECE,38.8,20.6,6.3
1421,1914,INDONESIA,-3.7,128.2,7.03
3502,1915,GREECE,38.4,20.6,6.6
1422,1915,USA TERRITORY,-14.18,-169.66,7.03
1423,1915,INDONESIA,-3.6439999999999997,133.695,7.03
1427,1915,GREECE,38.5,20.7,6.7
1428,1915,EL SALVADOR,14.0,-89.0,7.9
1429,1915,JAPAN,38.3,142.9,7.8
1430,1915,INDONESIA,-1.0,136.0,6.0
1431,1915,PHILIPPINES,18.0,119.5,6.4
1432,1916,PAPUA NEW GUINEA,-4.739,152.548,7.9
1434,1916,PANAMA,9.6,-82.0,7.0
3147,1916,ITALY,38.817,15.232999999999999,5.1
3811,1916,ITALY,43.967,12.667,5.9
2380,1916,VENEZUELA,10.46,-67.77,7.03
1438,1917,INDONESIA,1.57,122.72,7.03
1439,1917,INDONESIA,-7.0,116.0,6.6
1440,1917,CHINA,24.47,118.08,6.5
1441,1917,RUSSIA,56.5,163.0,7.8
1442,1917,PHILIPPINES,6.0,125.0,6.4
1437,1917,INDONESIA,-0.25,104.5,7.03
1443,1917,INDONESIA,-3.7,116.6,7.03
1444,1917,NEW ZEALAND,-29.2,-177.0,8.0
1445,1917,TAIWAN,23.2,121.6,5.8
1446,1917,SAMOA,-15.5,-173.0,8.3
1448,1917,PAPUA NEW GUINEA,-3.705,141.72899999999998,7.5
5614,1917,USA,58.20399999999999,-134.14700000000002,7.03
1449,1917,INDONESIA,-3.6,128.7,7.03
1450,1917,NEW ZEALAND,-29.0,-177.5,7.5
2792,1917,CANADA,44.633,-63.583,7.03
1451,1918,CHINA,23.5,117.2,7.5
1453,1918,CHILE,-28.5,-71.5,7.9
1454,1918,INDONESIA,3.138,125.491,7.03
3579,1918,CHINA,26.9,103.0,5.5
1456,1918,PHILIPPINES,5.5,123.0,8.3
1457,1918,RUSSIA,45.5,151.5,8.2
1458,1918,USA TERRITORY,18.7,-67.189,7.1
1459,1918,USA TERRITORY,18.5,-67.5,7.03
1460,1918,RUSSIA,44.5,151.5,7.8
1461,1918,CHILE,-26.0,-71.0,7.8
1465,1919,PHILIPPINES,8.0,126.0,7.4
1464,1919,TONGA,-19.6,-176.6,8.3
1468,1919,INDONESIA,-9.0,124.85,7.03
3511,1919,INDONESIA,3.138,125.491,7.03
1471,1919,TONGA,-19.0,-172.6,7.03
1472,1919,TONGA,-18.352,-172.515,8.1
1474,1919,PAPUA NEW GUINEA,-4.806,153.859,8.2
1476,1919,ITALY,38.789,15.213,7.03
5466,1919,NICARAGUA,12.33,-88.291,6.6
5625,1919,VENEZUELA,10.6,-71.6,7.03
1478,1919,USA,19.23,-155.9,7.03
3417,1919,ITALY,41.4,12.6,5.6
1479,1919,INDONESIA,-2.55,140.75,7.03
4308,1919,UKRAINE,44.0,33.0,7.03
1480,1920,INDONESIA,0.87,122.92,7.03
1482,1920,PAPUA NEW GUINEA,-6.5,150.0,7.7
1485,1920,CHILE,-38.0,-73.5,7.0
1484,1920,USA TERRITORY,-15.0,-170.0,7.03
1486,1920,VANUATU,-19.919,168.53,7.8
3541,1920,CHINA,36.7,104.9,7.8
1488,1920,ALBANIA,40.5,19.5,5.6
1489,1921,INDONESIA,0.7,117.9,6.2
3537,1921,CHINA,40.13,124.38,7.03
1490,1921,INDONESIA,-11.0,111.0,7.5
1491,1921,PHILIPPINES,8.0,127.0,7.5
1494,1922,PERU,-16.5,-73.0,7.2
1495,1922,PAPUA NEW GUINEA,-7.111000000000001,143.53,6.9
1496,1922,INDONESIA,-3.3,128.9,7.03
1498,1922,PHILIPPINES,10.2,124.1,6.3
1499,1922,PHILIPPINES,9.0,123.25,6.0
1500,1922,INDONESIA,-1.0,100.35,7.03
1502,1922,INDONESIA,5.5,95.2,7.03
3503,1922,GREECE,37.5,23.2,5.6
1503,1922,TAIWAN,24.5,122.0,7.6
1504,1922,CHILE,-28.0,-72.0,7.0
1505,1922,CHILE,-28.553,-70.755,8.7
1506,1922,NEW ZEALAND,-43.0,173.0,6.3
1507,1923,USA,40.8,-124.5,7.2
1508,1923,RUSSIA,54.0,161.0,8.3
1509,1923,CHILE,-35.33,-72.42,7.03
1512,1923,PHILIPPINES,6.5,124.0,7.2
1515,1923,CHILE,-26.3,-80.1,7.03
1517,1923,RUSSIA,56.5,162.5,7.2
1518,1923,CHILE,-28.75,-71.75,7.0
1521,1923,JAPAN,35.4,141.8,7.3
1522,1923,PHILIPPINES,9.3,125.0,5.5
2456,1923,USA,40.6,-73.5,7.03
1524,1923,CHILE,-18.5,-70.3,7.03
1526,1923,JAPAN,35.1,139.5,7.9
1527,1923,JAPAN,34.9,140.2,7.7
1528,1923,PAPUA NEW GUINEA,-4.6530000000000005,154.232,7.1
1529,1923,PAPUA NEW GUINEA,-4.539,153.107,7.1
5720,1923,VIETNAM,10.158,109.014,6.1
1531,1924,RUSSIA,49.178999999999995,142.436,6.8
1536,1924,PHILIPPINES,6.5,126.5,8.3
1538,1924,PHILIPPINES,16.0,118.0,6.5
1543,1924,AUSTRALIA,-56.0,157.5,7.8
1544,1924,NEW ZEALAND,-43.95,-176.567,7.03
2457,1924,USA,40.567,-73.983,7.03
1545,1924,ICELAND,64.15,-21.95,7.03
1546,1924,PHILIPPINES,8.5,126.5,7.3
1549,1925,INDONESIA,-8.0,115.0,7.03
1550,1925,USA,60.0,-146.0,6.0
5497,1925,MEXICO,14.583,-106.1,7.03
1554,1925,PHILIPPINES,9.3,122.7,6.8
1555,1925,CHILE,-26.0,-71.5,7.1
1556,1925,PHILIPPINES,12.2,122.1,6.3
1559,1925,PHILIPPINES,13.0,125.0,7.3
1560,1925,MEXICO,18.5,-107.0,7.0
1562,1925,"MICRONESIA, FED. STATES OF",10.0,138.0,7.03
2464,1926,USA,44.233000000000004,-68.35,7.03
1563,1926,SOLOMON ISLANDS,-10.061,159.215,7.5
1565,1926,USA,20.5,-155.5,7.03
1567,1926,INDONESIA,-0.7,100.6,5.8
1569,1926,UK,49.21,-2.131,7.03
1568,1926,SOUTH KOREA,35.0,128.0,7.03
3419,1926,ITALY,38.567,14.833,5.3
3504,1926,GREECE,36.5,23.3,7.2
1570,1926,PORTUGAL,37.973,-28.59,5.8
1572,1926,SOLOMON ISLANDS,-9.674,159.519,6.9
1573,1926,CHILE,-28.0,-71.0,6.0
5531,1926,NEW ZEALAND,-38.37,178.31,7.03
1575,1927,USA,32.5,-115.5,5.7
4255,1927,NORWAY,59.0,3.0,5.1
1576,1927,JAPAN,35.6,135.1,7.6
2298,1927,UKRAINE,44.4,34.4,6.0
4416,1927,ISRAEL,32.0,35.5,6.3
1578,1927,JAPAN,37.9,142.0,6.9
1579,1927,JAPAN,34.2,142.0,6.4
5498,1927,MEXICO,17.0,-104.0,7.03
2299,1927,UKRAINE,44.4,34.5,6.8
1584,1927,USA,57.69,-136.07,7.1
1585,1927,USA,34.813,-120.774,7.3
1586,1927,CHILE,-44.6,-73.0,7.1
1587,1927,INDONESIA,-0.7,119.7,6.3
1589,1927,RUSSIA,55.663000000000004,160.039,7.5
1591,1928,CANADA,49.0,-125.0,5.8
1592,1928,MEXICO,15.67,-96.1,7.7
1593,1928,INDONESIA,-6.102,105.42299999999999,7.03
1594,1928,GREECE,38.1,27.4,6.5
1595,1928,CHILE,-23.7,-70.4,7.03
1596,1928,PERU,-13.0,-69.6,6.9
1597,1928,GREECE,38.0,23.0,6.0
3402,1928,GREECE,38.0,23.5,5.0
1598,1928,GREECE,38.0,23.0,5.2
1599,1928,PERU,-13.0,-69.5,6.8
3769,1928,GREECE,39.6,29.1,6.2
1600,1928,TURKEY,40.8,26.8,4.3
1601,1928,TONGA,-19.83,-174.36,7.03
1602,1928,JAPAN,40.0,143.2,7.0
5504,1928,JAPAN,43.062,141.35399999999998,7.03
1603,1928,PHILIPPINES,12.4,120.9,7.0
1605,1928,MEXICO,16.028,-97.036,7.7
1606,1928,PERU,-5.5,-79.0,7.0
1607,1928,INDONESIA,-8.32,121.708,7.03
1608,1928,CHILE,-22.5,-70.5,7.1
1609,1928,CHILE,-35.0,-72.0,7.6
1611,1928,PHILIPPINES,7.0,124.0,7.3
1590,1928,CANADA,48.967,-58.0,7.03
1612,1929,VENEZUELA,10.6,-65.6,6.9
1613,1929,USA,50.88,-169.71,7.8
1614,1929,JAPAN,31.7,132.2,7.1
1616,1929,CANADA,51.0,-131.0,7.0
1617,1929,PHILIPPINES,8.5,127.0,7.2
1618,1929,NEW ZEALAND,-41.75,172.25,7.5
1620,1929,CHILE,-23.7,-70.4,7.03
2365,1929,USA,42.9,-78.3,7.03
4417,1929,INDONESIA,4.633,95.56700000000001,7.03
1622,1929,CANADA,44.69,-56.0,7.3
3569,1930,CHINA,32.2,119.4,5.5
3619,1930,SPAIN,36.0,-3.0,7.03
1624,1930,INDONESIA,-6.102,105.42299999999999,7.03
4244,1930,NORWAY,63.317,9.85,7.03
3052,1930,MYANMAR (BURMA),17.3,96.5,7.3
1625,1930,INDONESIA,-5.6,105.3,6.0
1626,1930,INDONESIA,-9.3,114.3,6.5
1627,1930,USA,34.03,-118.64299999999999,5.2
4218,1930,ITALY,38.789,15.213,7.03
1629,1930,INDONESIA,1.2,124.57,7.03
1630,1930,PAPUA NEW GUINEA,-4.423,145.46,6.6
4223,1930,ITALY,43.667,13.267000000000001,5.9
3620,1930,KENYA,-4.05,39.667,7.03
1632,1930,PAPUA NEW GUINEA,-1.3,144.3,6.5
1634,1930,CHILE,-28.5,-71.0,6.0
1636,1931,NEW ZEALAND,-39.772,176.025,7.7
1637,1931,NEW ZEALAND,-39.5,177.0,7.1
1638,1931,NEW ZEALAND,-39.5,177.0,7.03
1639,1931,JAPAN,41.2,142.5,7.6
1640,1931,CHILE,-32.5,-72.0,7.1
4300,1931,UK,54.0,1.067,6.0
1641,1931,PAPUA NEW GUINEA,-3.417,142.077,7.0
2465,1931,USA,39.35,-74.417,7.03
1643,1931,PORTUGAL,38.4,-27.1,7.03
1644,1931,INDONESIA,-5.0,102.75,7.4
1645,1931,SOLOMON ISLANDS,-10.932,161.016,7.8
1646,1931,JAPAN,32.2,132.1,7.1
2382,1931,CUBA,22.8,-80.4,7.03
1648,1932,CUBA,20.0,-75.8,6.7
1649,1932,MEXICO,19.5,-104.25,8.1
1651,1932,MEXICO,19.452,-103.632,7.9
1652,1932,MEXICO,19.0,-104.5,7.0
1653,1932,INDONESIA,-3.57,128.35,6.2
1654,1932,NEW ZEALAND,-39.0,177.5,6.8
1655,1932,GREECE,40.5,23.9,6.9
1656,1932,VENEZUELA,10.5,-64.2,7.03
1657,1933,RUSSIA,49.12,154.50799999999998,6.0
1659,1933,CHILE,-20.0,-71.0,7.6
1661,1933,JAPAN,39.224000000000004,144.622,8.4
1662,1933,USA,33.616,-117.96600000000001,6.3
1663,1933,GREECE,36.8,27.2,6.4
3603,1933,TOGO,6.9,0.6,7.03
1664,1933,JAPAN,38.1,142.4,7.1
1665,1933,ECUADOR,-2.0,-81.0,6.9
4882,1933,PAPUA NEW GUINEA,-5.0,151.0,7.03
1666,1933,PHILIPPINES,12.77,124.05,7.03
1668,1934,NEPAL,26.773000000000003,86.76,8.0
1669,1934,PHILIPPINES,17.5,119.0,7.9
3544,1934,NORWAY,62.27,7.4,7.03
2771,1934,ICELAND,66.0,-18.25,7.03
1671,1934,PANAMA,8.0,-82.5,7.7
1673,1934,SOLOMON ISLANDS,-11.907,166.731,7.8
1674,1934,SOLOMON ISLANDS,-11.139000000000001,165.503,7.2
1675,1934,USA,33.7,-118.2,7.03
3308,1934,MEXICO,18.5,-105.5,7.0
1676,1934,CHILE,-19.5,-69.5,6.9
1677,1934,PAPUA NEW GUINEA,-4.2,152.2,7.03
1679,1935,PAKISTAN,29.5,66.8,7.5
1678,1935,JAPAN,36.6,141.4,6.5
1683,1935,PAPUA NEW GUINEA,-3.824,141.416,7.8
1684,1935,JAPAN,39.9,143.7,7.2
1685,1935,JAPAN,40.7,144.3,7.0
1687,1935,USA,19.5,-155.5,7.03
1688,1935,INDONESIA,5.5,94.0,6.5
3580,1935,CHINA,28.7,103.6,6.0
1689,1935,INDONESIA,0.001,98.25,7.9
5362,1936,NAURU,-0.5,166.9,7.03
1690,1936,INDONESIA,4.5,126.5,7.7
1691,1936,CHILE,-24.5,-70.0,7.3
1692,1936,INDONESIA,6.1,94.7,7.3
3543,1936,NORWAY,61.87,6.851,7.03
1694,1936,USA,58.6,-137.1,7.03
1695,1936,JAPAN,38.2,142.2,7.7
1696,1936,RUSSIA,55.2,164.0,7.3
5708,1936,NEW CALEDONIA,-20.5,165.0,7.03
1698,1937,PAPUA NEW GUINEA,-4.271,152.203,7.03
1699,1937,PHILIPPINES,14.5,121.5,7.5
1701,1937,RUSSIA,56.0,162.5,5.7
1700,1937,USA,58.0,-165.0,5.8
1702,1937,RUSSIA,58.0,165.0,5.8
1703,1937,INDONESIA,-3.0,132.3,6.0
3638,1938,CONGO,-1.4080000000000001,29.2,7.03
1704,1938,INDONESIA,-5.25,130.5,8.5
1705,1938,INDONESIA,-3.0,132.3,6.0
1706,1938,PAPUA NEW GUINEA,-5.1,153.1,7.03
1707,1938,CANADA,52.2,-131.9,6.3
4238,1938,NORWAY,62.333,6.9670000000000005,7.03
1708,1938,PAPUA NEW GUINEA,-6.0,147.8,7.5
1710,1938,INDONESIA,-1.0,120.0,7.6
1711,1938,JAPAN,36.7,141.4,7.1
1714,1938,JAPAN,43.6,144.3,6.1
1715,1938,JAPAN,25.320999999999998,125.115,7.6
2463,1938,USA,39.95,-74.12,7.03
1716,1938,JAPAN,37.1,141.7,7.7
1717,1938,JAPAN,37.2,141.7,7.6
1718,1938,JAPAN,37.5,141.8,7.5
1719,1938,JAPAN,37.0,141.7,7.1
1721,1938,JAPAN,37.6,141.2,6.5
1722,1938,USA,55.48,-158.37,8.2
1725,1938,JAPAN,37.0,141.5,6.0
1726,1938,JAPAN,37.4,141.6,6.9
1727,1938,JAPAN,36.7,142.1,6.9
1728,1938,JAPAN,37.0,142.2,7.0
1729,1939,CHILE,-36.25,-72.25,8.3
3404,1939,ITALY,38.5,14.7,7.03
1730,1939,PAPUA NEW GUINEA,-7.08,155.386,7.7
1731,1939,JAPAN,32.3,132.0,6.6
1732,1939,CHILE,-27.0,-70.5,7.4
1733,1939,SOLOMON ISLANDS,-9.295,159.234,7.9
1734,1939,JAPAN,40.1,139.5,7.0
1735,1939,PHILIPPINES,13.5,121.25,6.5
4258,1939,PORTUGAL,37.053000000000004,-24.427,6.5
1736,1939,GHANA,5.18,-0.13,6.4
5694,1939,GRENADA,12.3,-61.63,7.03
1737,1939,CUBA,22.2,-79.1,5.6
1738,1939,INDONESIA,0.0,123.0,8.0
2301,1939,TURKEY,39.77,39.533,7.7
3400,1940,ITALY,38.067,13.467,5.1
1739,1940,PERU,-10.5,-77.0,8.2
1741,1940,JAPAN,44.2,139.5,7.5
4240,1940,NORWAY,65.883,13.167,7.03
1742,1940,CHILE,-22.0,-71.0,7.3
1743,1940,CHILE,-41.5,-74.5,7.0
1744,1941,PAPUA NEW GUINEA,-4.175,152.071,7.4
1745,1941,USA,40.5,-125.25,6.6
3399,1941,ITALY,38.3,12.2,7.03
1746,1941,INDIA,11.94,92.626,8.0
1747,1941,JAPAN,32.0,132.1,7.4
3724,1941,ATLANTIC OCEAN,37.417,-18.983,8.3
1748,1941,COSTA RICA,8.7,-83.2,7.6
1749,1941,COSTA RICA,8.5,-84.0,6.9
1750,1942,COLOMBIA,4.6,-74.5,5.8
5709,1942,NEW CALEDONIA,-20.6,165.0,7.03
1751,1942,PERU,-15.0,-76.0,8.2
1752,1943,CHILE,-30.75,-72.0,8.2
1753,1943,JAPAN,41.2,143.3,7.1
4227,1944,ITALY,38.789,15.213,7.03
2459,1944,USA,38.933,-74.9,7.03
1756,1944,JAPAN,34.0,137.1,8.1
2458,1944,USA,40.3,-74.0,7.03
1759,1945,JAPAN,34.7,137.2,7.1
1760,1945,JAPAN,40.9,142.1,7.3
1761,1945,PAKISTAN,24.5,63.0,8.0
1762,1946,USA,53.492,-162.832,8.6
1763,1946,CANADA,49.87,-124.92,7.3
1764,1946,CHILE,-26.5,-70.5,7.9
1765,1946,DOMINICAN REPUBLIC,19.25,-69.0,7.9
1766,1946,DOMINICAN REPUBLIC,19.5,-69.5,7.5
1767,1946,PERU,-14.0,-76.25,7.0
1768,1946,USA,51.5,-174.5,7.0
1769,1946,RUSSIA,48.092,153.2,7.03
1770,1946,JAPAN,33.0,135.6,8.1
1772,1947,NEW ZEALAND,-38.85,178.87,7.1
1774,1947,NEW ZEALAND,-38.42,178.88,6.9
1775,1947,GREECE,37.0,22.0,6.9
1776,1947,JAPAN,43.8,141.0,7.0
1777,1948,PHILIPPINES,10.5,122.0,8.3
1779,1948,GREECE,35.5,27.2,7.1
1781,1948,JAPAN,33.1,135.6,7.2
1782,1948,GREECE,38.532,20.427,6.5
5659,1948,CHINA,37.2,121.8,6.0
1783,1948,INDONESIA,6.0,95.0,6.3
1784,1948,TONGA,-21.0,-174.0,7.8
1785,1948,MEXICO,22.0,-106.0,6.9
1786,1948,CHILE,-22.5,-69.0,7.0
1788,1949,RUSSIA,54.6,163.5,5.9
3405,1949,GREECE,38.2,20.0,7.03
1790,1949,USA,47.167,-122.617,7.0
1792,1949,CHILE,-38.0,-73.5,7.3
1793,1949,INDONESIA,5.0,95.0,6.7
1787,1949,GREECE,38.58,26.23,6.7
1795,1949,CANADA,53.6,-133.3,8.1
1797,1949,PHILIPPINES,17.0,121.5,6.4
1798,1949,USA,59.75,-149.0,6.7
1799,1949,PAPUA NEW GUINEA,-5.5,154.0,7.5
5202,1949,CHILE,-54.0,-71.0,7.8
1801,1949,CHILE,-54.0,-71.0,7.8
1802,1949,PHILIPPINES,17.0,121.63,7.2
1803,1950,CHILE,-53.5,-71.5,7.0
1804,1950,NEW ZEALAND,-37.8,177.2,5.8
5579,1950,PANAMA,6.5,-83.0,7.03
1805,1950,VENEZUELA,10.5,-68.0,6.8
1806,1950,INDIA,28.5,96.5,8.6
1808,1950,COSTA RICA,11.0,-85.0,7.7
1809,1950,INDONESIA,-3.8,128.3,7.6
4256,1950,NORWAY,63.433,10.383,7.03
1810,1950,GUATEMALA,14.31,-91.917,7.5
1811,1950,SOLOMON ISLANDS,-10.0,159.5,7.3
5660,1950,VANUATU,-18.25,167.5,7.8
1812,1950,PERU,-14.25,-77.75,7.0
1813,1950,MEXICO,16.48,-98.22,7.5
3145,1951,PAPUA NEW GUINEA,-3.252,142.238,6.1
3383,1951,NICARAGUA,13.0,-87.5,6.0
1815,1951,USA,19.5,-156.0,6.9
3310,1951,TAIWAN,23.8,121.7,7.3
3571,1951,CHINA,26.7,100.0,6.3
1816,1951,SOLOMON ISLANDS,-9.02,157.95,7.03
4239,1952,NORWAY,64.883,12.417,7.03
1817,1952,JAPAN,42.15,143.85,8.1
1818,1952,JAPAN,41.7,143.6,7.0
1819,1952,USA,19.1,-155.0,4.5
1820,1952,PHILIPPINES,9.5,127.25,7.8
2460,1952,USA,43.1,-82.4,7.03
1822,1952,COSTA RICA,10.3,-85.3,6.9
1823,1952,VANUATU,-18.5,169.25,6.8
1824,1952,JAPAN,32.1,139.85,7.03
1825,1952,JAPAN,32.1,139.85,7.03
1826,1952,JAPAN,32.1,139.85,7.03
1827,1952,JAPAN,32.1,139.85,7.03
1829,1952,RUSSIA,52.755,160.05700000000002,9.0
1831,1953,PERU,-12.0,-77.5,5.5
1833,1953,JAPAN,32.1,139.85,7.03
1835,1953,RUSSIA,50.0,156.5,5.8
5566,1953,JAPAN,32.1,139.85,7.03
2336,1953,PAPUA NEW GUINEA,-4.449,152.868,7.4
1836,1953,CHILE,-36.5,-72.5,7.6
1837,1953,DOMINICAN REPUBLIC,19.8,-70.7,7.2
1838,1953,PAPUA NEW GUINEA,-2.4,147.4,7.03
3398,1953,GREECE,38.3,20.8,7.2
3396,1953,CYPRUS,35.0,32.5,6.5
1840,1953,FIJI,-18.3,178.2,6.4
1841,1953,JAPAN,34.0,141.7,7.4
1842,1953,PERU,-3.4,-80.6,7.4
3395,1954,ITALY,38.789,15.213,7.03
2461,1954,USA,41.7,-86.883,7.03
3394,1954,ALGERIA,36.283,1.4669999999999999,6.7
1846,1954,GREENLAND,67.47,-32.283,7.03
1847,1954,JAPAN,38.9,142.2,6.1
1848,1955,VENEZUELA,11.46,-69.57,5.5
3393,1955,GREECE,39.4,23.1,6.2
1849,1955,CHILE,-30.0,-72.0,7.1
1850,1955,INDIA,6.5,94.0,7.3
1852,1955,PAPUA NEW GUINEA,-6.9,155.7,6.5
3573,1955,CHINA,26.6,101.8,6.8
1853,1955,PAPUA NEW GUINEA,-5.1,152.924,7.3
1854,1956,CHILE,-19.0,-70.0,7.1
5540,1956,NEW ZEALAND,-38.9,175.8,5.3
1855,1956,JAPAN,44.3,144.1,6.3
1856,1956,RUSSIA,55.978,160.58700000000002,7.03
1859,1956,GREECE,36.9,26.0,7.8
3392,1956,GREECE,36.8,25.5,6.8
1863,1956,JAPAN,33.8,138.8,6.5
1864,1956,GREECE,39.5,23.0,5.8
1865,1956,CHILE,-25.5,-71.0,7.0
1867,1957,USA,51.292,-175.62900000000002,8.6
1869,1957,INDONESIA,-1.5,137.0,7.3
1870,1957,MEXICO,16.5,-99.1,7.9
1871,1957,CHILE,-23.5,-71.5,7.0
1872,1957,INDONESIA,-8.2,107.3,5.5
1873,1957,INDONESIA,-2.0,116.0,6.0
1875,1957,SOLOMON ISLANDS,-8.57,160.72,7.03
1877,1958,ECUADOR,1.5,-79.5,7.6
3574,1958,CHINA,31.5,105.0,6.2
1879,1958,INDONESIA,-4.5,104.0,6.5
1880,1958,USA,58.37,-136.665,7.8
1881,1958,RUSSIA,48.6,156.1,5.0
1882,1958,VANUATU,-16.829,168.53599999999997,7.03
1883,1958,PACIFIC OCEAN,-50.0,-115.0,6.1
1884,1958,RUSSIA,44.53,148.54,8.3
1885,1958,RUSSIA,44.2,148.8,7.0
1886,1959,JAPAN,37.5,142.2,6.8
1887,1959,PERU,-4.0,-81.5,7.4
1888,1959,GREECE,40.63,22.97,7.03
1889,1959,RUSSIA,44.3,149.0,5.0
1890,1959,RUSSIA,52.5,159.5,8.2
4250,1959,NORWAY,69.817,20.916999999999998,7.03
1892,1959,SOLOMON ISLANDS,-7.5,156.0,7.3
2371,1959,USA,44.711999999999996,-111.215,7.5
1893,1959,JAPAN,37.5,143.2,6.7
1896,1960,PERU,-15.75,-72.75,7.8
1897,1960,MOROCCO,30.5,-9.5,6.8
1898,1960,JAPAN,39.8,143.4,7.5
1899,1960,JAPAN,39.4,143.7,6.7
1901,1960,CHILE,-37.872,-73.243,8.2
1902,1960,CHILE,-38.143,-73.407,9.5
1904,1960,PAPUA NEW GUINEA,-9.4,152.3,6.6
1905,1960,JAPAN,40.3,142.5,6.7
1906,1960,CHILE,-38.5,-75.1,7.4
1907,1960,PERU,-6.8,-80.7,6.8
1910,1961,JAPAN,36.0,142.3,6.8
1911,1961,JAPAN,36.0,141.9,6.4
1912,1961,JAPAN,36.2,141.9,6.5
1913,1961,RUSSIA,43.2,147.9,6.6
1914,1961,JAPAN,31.6,131.8,7.6
1915,1961,SOLOMON ISLANDS,-9.43,159.95,7.03
1917,1961,TURKEY,36.7,28.5,6.5
2385,1961,COLOMBIA,8.9,-73.4,6.5
1920,1961,JAPAN,29.6,131.8,6.6
1921,1961,VANUATU,-18.421,168.41099999999997,7.3
1923,1961,SOLOMON ISLANDS,-9.849,160.614,6.4
1924,1961,JAPAN,42.9,145.6,7.0
1926,1961,CHILE,-36.7,-73.0,6.5
1927,1961,JAPAN,42.7,145.7,6.9
5631,1962,CROATIA,43.3,17.1,6.1
1928,1962,PANAMA,8.008,-82.757,6.8
1929,1962,JAPAN,38.073,142.741,7.2
1930,1962,JAPAN,42.2,143.9,7.0
1931,1962,MEXICO,17.2,-99.6,7.0
1932,1962,MEXICO,17.2,-99.5,7.2
1933,1962,JAPAN,41.8,142.4,5.7
3391,1962,GREECE,39.8,25.0,4.5
1937,1962,USA,52.47,-168.54,6.5
1939,1963,GREECE,38.31,22.02,7.03
1940,1963,TAIWAN,24.4,122.1,7.3
5453,1963,CANADA,54.0,-132.25,7.03
1942,1963,INDONESIA,-8.342,115.508,7.03
4290,1963,TURKEY,40.75,29.0,6.1
1945,1963,PERU,-10.385,-78.02199999999999,7.0
5569,1963,ITALY,46.266999999999996,12.329,7.03
1946,1963,RUSSIA,44.426,149.27200000000002,7.1
1947,1963,RUSSIA,44.772,149.798,8.5
1948,1963,RUSSIA,44.772,150.563,7.9
1949,1963,INDONESIA,-6.4,105.4,6.6
1950,1963,TONGA,-24.8,-176.6,7.2
1954,1964,USA,61.016999999999996,-147.648,9.2
1956,1964,INDONESIA,5.8,95.4,7.0
1957,1964,JAPAN,40.3,139.0,6.9
5422,1964,JAPAN,40.4,139.0,6.6
2368,1964,USA,40.8,-73.1,7.03
1959,1964,JAPAN,38.65,139.2,7.5
1960,1964,RUSSIA,47.159,153.876,6.8
1961,1964,PAPUA NEW GUINEA,-5.7,150.7,7.6
1962,1964,JAPAN,40.4,138.9,6.3
1963,1965,INDONESIA,-2.4,126.1,7.6
1964,1965,USA,51.29,178.55,8.7
5470,1965,CHILE,-41.755,-72.396,7.03
1965,1965,CHILE,-25.67,-70.63,7.0
3042,1965,GREECE,39.4,24.0,6.3
1966,1965,CHILE,-31.81,-71.26,6.0
1967,1965,USA,50.32,177.93,7.6
5505,1965,JAPAN,34.9,139.0,6.0
1970,1965,RUSSIA,44.7,148.7,7.2
1971,1965,USA,53.03,-167.55,6.5
1972,1965,GREECE,38.266999999999996,22.3,6.3
1973,1965,VANUATU,-15.8,167.2,7.0
1974,1965,VANUATU,-15.9,166.8,7.3
1975,1965,MEXICO,16.3,-95.8,7.8
1977,1965,PHILIPPINES,14.002,120.993,7.03
1979,1965,CHILE,-42.9,-75.13,6.5
5695,1965,GRENADA,12.3,-61.63,7.03
1980,1966,TAIWAN,24.1,122.6,7.6
4242,1966,NORWAY,59.6,10.633,7.03
1981,1966,SOLOMON ISLANDS,-10.343,160.88299999999998,7.1
2302,1966,RUSSIA,44.75,37.0,5.5
1982,1966,PERU,-10.748,-78.638,8.1
1983,1966,SOLOMON ISLANDS,-10.28,166.23,7.03
1984,1966,CHILE,-25.5,-70.7,7.8
2425,1966,SOLOMON ISLANDS,-11.892999999999999,166.445,7.8
3033,1966,SOLOMON ISLANDS,-12.334000000000001,166.68400000000003,7.2
5478,1966,SOLOMON ISLANDS,-10.38,165.8,7.03
1986,1967,RUSSIA,45.53,151.11,7.0
1987,1967,INDONESIA,-3.7,119.3,5.5
1988,1967,INDONESIA,5.5,97.3,6.1
3349,1967,VENEZUELA,10.6,-67.3,6.5
1989,1967,PAPUA NEW GUINEA,-4.4,152.5,6.4
1990,1967,PERU,-10.6,-79.8,7.0
5644,1967,USA,59.621,-151.106,7.03
1991,1967,CHILE,-28.78,-71.19,5.9
1992,1967,ANTARCTICA,-63.0,-60.5,7.03
1994,1967,CHILE,-21.7,-69.5,7.5
1996,1968,RUSSIA,43.586000000000006,146.701,7.3
1997,1968,GREECE,39.368,24.956999999999997,7.2
1998,1968,JAPAN,32.3,132.5,7.5
3798,1968,ITALY,44.08,8.0,4.6
2878,1968,CHILE,-27.15,-109.45,7.03
2000,1968,JAPAN,40.8,143.2,8.2
2438,1968,JAPAN,41.5,142.7,7.5
2001,1968,JAPAN,39.4,143.1,7.2
2002,1968,NEW ZEALAND,-30.8,-178.4,7.3
2003,1968,PHILIPPINES,16.5,122.2,7.3
2004,1968,JAPAN,33.3,132.2,6.5
2006,1968,INDONESIA,1.4,126.2,7.6
2007,1968,INDONESIA,0.2,119.8,7.8
3297,1968,TURKEY,41.8,32.3,6.6
2009,1968,VENEZUELA,10.5,-62.6,6.2
2010,1968,MEXICO,15.6,-92.6,7.0
2011,1969,INDONESIA,-3.1,118.9,6.9
2012,1969,PORTUGAL,36.016999999999996,-10.95,7.8
2872,1969,PHILIPPINES,19.077,122.20200000000001,7.03
3646,1969,EGYPT,27.7,34.0,7.0
3350,1969,SWEDEN,59.4,13.5,7.03
2013,1969,JAPAN,32.2,132.1,6.5
2014,1969,PAPUA NEW GUINEA,-6.6,146.9,5.4
2015,1969,RUSSIA,43.6,147.9,8.2
2016,1969,RUSSIA,57.7,163.6,7.7
2018,1969,GUADELOUPE (FRENCH TERRITORY),15.8,-59.7,7.2
2019,1970,PHILIPPINES,6.8,126.7,7.6
3309,1970,USA,57.5,-153.9,6.0
2020,1970,PHILIPPINES,15.78,121.71,7.3
3073,1970,RUSSIA,43.0,47.1,6.5
2021,1970,PERU,-9.2,-78.8,7.9
2022,1970,CHILE,-52.0,-73.8,6.0
2023,1970,CHILE,-22.28,-70.55,6.4
2025,1970,JAPAN,32.2,131.7,7.0
2026,1970,NEW ZEALAND,-44.64,173.62,5.1
2027,1970,PHILIPPINES,20.6,122.0,5.3
2028,1970,PAPUA NEW GUINEA,-4.907,145.471,7.3
2030,1970,CHILE,-20.94,-69.81,6.0
2303,1970,RUSSIA,43.84,39.34,5.1
5535,1971,PERU,-11.116,-76.5,7.03
2031,1971,USA,51.228,-177.173,7.1
2033,1971,CHILE,-32.5,-71.2,7.8
2034,1971,PAPUA NEW GUINEA,-5.5,153.9,7.9
2035,1971,PAPUA NEW GUINEA,-4.9,153.2,7.9
2036,1971,JAPAN,41.4,143.5,7.3
2431,1971,RUSSIA,46.5,141.2,7.1
2430,1971,RUSSIA,46.7,141.4,5.5
2043,1971,SOLOMON ISLANDS,-10.38,165.8,7.03
2038,1971,RUSSIA,46.4,141.1,6.6
2039,1971,RUSSIA,46.3,140.9,6.2
2040,1971,PAPUA NEW GUINEA,-6.5,146.6,7.0
2041,1971,RUSSIA,46.4,141.1,6.0
2042,1971,USA,51.5,179.1,5.7
2044,1971,RUSSIA,56.0,163.3,7.8
2045,1972,TAIWAN,22.5,122.3,7.5
2046,1972,JAPAN,33.3,140.8,7.4
2048,1972,CHILE,-30.5,-71.8,6.6
2049,1972,USA,56.82,-135.685,7.6
2051,1972,PAPUA NEW GUINEA,-6.0,152.9,7.1
2052,1972,PAPUA NEW GUINEA,-6.7,147.0,7.03
2053,1972,JAPAN,32.9,130.3,5.2
2054,1972,PAPUA NEW GUINEA,-5.52,148.121,7.03
2055,1972,PHILIPPINES,6.5,126.6,7.4
2056,1972,JAPAN,33.3,140.7,7.4
2057,1972,CHILE,-30.6,-71.0,5.4
2058,1973,MEXICO,18.48,-103.0,7.5
2059,1973,RUSSIA,50.5,156.6,7.2
3226,1973,PHILIPPINES,13.4,122.8,7.5
2060,1973,JAPAN,43.2,145.8,7.7
2061,1973,RUSSIA,43.3,146.4,7.1
3506,1973,RUSSIA,43.2,146.6,6.6
2062,1973,CHILE,-32.5,-71.5,6.7
2063,1974,SOLOMON ISLANDS,-7.5,155.9,7.0
2064,1974,SOLOMON ISLANDS,-7.4,155.6,7.1
2065,1974,JAPAN,34.6,138.7,6.7
2066,1974,CHILE,-38.5,-73.4,7.1
2067,1974,RUSSIA,43.2,146.7,6.7
2068,1974,PERU,-12.27,-77.79,8.1
5568,1974,CANADA,54.0,-128.7,7.03
2069,1974,PAPUA NEW GUINEA,-5.52,148.121,7.03
2071,1974,PAKISTAN,35.1,72.9,6.2
2072,1975,INDONESIA,-5.0,130.0,5.9
2074,1975,CHILE,-29.9,-71.3,6.9
2879,1975,CANADA,53.98,-128.68,7.03
2567,1975,ATLANTIC OCEAN,35.997,-17.649,7.7
2075,1975,RUSSIA,43.023999999999994,147.734,7.0
2076,1975,PAPUA NEW GUINEA,-6.59,155.054,7.9
2079,1975,PHILIPPINES,12.54,125.993,7.6
2080,1975,USA,19.451,-155.033,7.7
5661,1975,FIJI,-18.672,178.46400000000003,4.9
2081,1975,SAMOA,-16.265,-172.467,7.8
2083,1976,NEW ZEALAND,-28.427,-177.657,8.0
2084,1976,RUSSIA,44.915,149.123,7.0
2085,1976,GUATEMALA,15.324000000000002,-89.101,7.5
5669,1976,PANAMA,7.4,-78.1,6.7
2086,1976,PHILIPPINES,6.292000000000001,124.09,8.0
2088,1977,SAMOA,-16.695999999999998,-172.095,7.6
2089,1977,SOLOMON ISLANDS,-9.828,163.32299999999998,6.8
2568,1977,SOLOMON ISLANDS,-9.89,160.34799999999998,7.6
2090,1977,SOLOMON ISLANDS,-9.965,160.731,8.1
2091,1977,TONGA,-22.878,-175.9,7.2
2092,1977,INDONESIA,-11.085,118.464,8.0
2093,1977,PAPUA NEW GUINEA,-1.1,146.2,5.5
2094,1977,PAPUA NEW GUINEA,-1.081,146.23,5.5
2095,1977,TONGA,-25.855999999999998,-175.40599999999998,7.2
2096,1978,JAPAN,34.809,139.259,6.6
2097,1978,RUSSIA,44.026,149.002,6.7
2569,1978,RUSSIA,44.14,149.029,6.6
2099,1978,RUSSIA,44.208999999999996,148.971,6.8
2101,1978,RUSSIA,44.931999999999995,148.439,7.5
2103,1978,RUSSIA,44.244,148.862,7.6
2105,1978,JAPAN,38.19,142.03,7.7
2106,1978,PHILIPPINES,8.249,122.40299999999999,6.9
2107,1978,GREECE,40.739000000000004,23.229,6.4
2913,1978,ITALY,42.0,16.0,7.03
2108,1978,TAIWAN,22.281999999999996,121.512,7.4
4277,1978,SPAIN,36.37,-6.98,4.4
5513,1978,NEW ZEALAND,-43.08,172.97,7.03
2109,1978,MEXICO,16.01,-96.59100000000001,7.8
5718,1978,VIETNAM,21.4,108.0,7.03
2110,1979,JAPAN,40.232,143.703,6.4
2111,1979,USA,60.691,-141.671,7.5
2112,1979,MEXICO,17.813,-101.27600000000001,7.6
2914,1979,MONTENEGRO,41.956,19.023,5.3
2113,1979,MONTENEGRO,42.096000000000004,19.209,6.9
2915,1979,GREECE,34.53,24.436999999999998,5.6
2115,1979,INDONESIA,-8.6,123.5,7.03
2118,1979,INDONESIA,-8.5,123.5,7.03
2390,1979,VENEZUELA,11.517000000000001,-69.5,5.0
2119,1979,INDONESIA,-1.679,136.04,7.9
4246,1979,NORWAY,65.117,12.333,7.03
2120,1979,FRANCE,43.7,7.25,7.03
2121,1979,FIJI,-16.76,179.984,6.9
2122,1979,COLOMBIA,1.598,-79.358,7.7
4259,1980,PORTUGAL,38.727,-27.75,6.9
2123,1980,RUSSIA,43.53,146.753,7.0
3018,1980,USA,46.2,-122.18,7.03
2124,1980,JAPAN,34.808,139.181,6.2
2125,1980,SOLOMON ISLANDS,-12.525,165.916,7.9
2916,1980,ALGERIA,36.195,1.354,7.7
2126,1981,JAPAN,38.64,142.75,6.9
2128,1981,GREECE,38.222,22.934,6.7
5417,1981,GREECE,38.209,23.288,6.4
2129,1981,SOUTH AFRICA,-35.616,20.267,7.03
2130,1981,NEW ZEALAND,-48.786,164.357,7.6
2131,1981,SAMOA,-14.96,-173.085,7.7
2132,1981,MEXICO,18.084,-102.084,7.3
2589,1982,PHILIPPINES,13.752,124.35799999999999,7.1
2134,1982,INDONESIA,4.374,97.755,5.4
2343,1982,INDONESIA,-9.265,118.479,6.6
2135,1982,JAPAN,42.158,142.361,6.9
2136,1982,JAPAN,36.194,141.702,7.2
2137,1982,TONGA,-24.133000000000003,-175.864,7.5
2689,1982,INDONESIA,-8.405,123.08,6.0
2139,1982,JAPAN,33.826,139.434,6.4
2917,1983,GREECE,38.025999999999996,20.227999999999998,7.2
2140,1983,INDONESIA,-4.056,127.92399999999999,6.9
2141,1983,PAPUA NEW GUINEA,-4.883,153.58100000000002,7.9
2142,1983,JAPAN,40.461999999999996,139.102,7.8
2144,1983,JAPAN,40.249,138.94799999999998,5.9
2145,1983,JAPAN,41.346000000000004,139.099,6.9
2146,1983,GREECE,40.141999999999996,24.766,7.0
2147,1983,RUSSIA,55.867,161.287,7.1
2148,1983,PHILIPPINES,18.230999999999998,120.86,6.6
4702,1983,INDONESIA,-8.54,123.59,7.03
4248,1983,NORWAY,61.233000000000004,7.7170000000000005,7.03
2149,1983,CHILE,-26.535,-70.563,7.7
2150,1983,UK TERRITORY,-6.852,72.11,7.7
2151,1984,INDONESIA,-2.823,118.806,6.8
2152,1984,GREECE,38.396,22.094,5.4
2153,1984,RUSSIA,44.117,148.192,7.2
2154,1984,JAPAN,31.448,140.036,5.5
2155,1984,JAPAN,32.385999999999996,131.945,7.0
2156,1984,JAPAN,34.006,141.5,6.9
2157,1984,RUSSIA,56.193999999999996,163.46,6.8
2158,1985,CHILE,-33.132,-71.708,8.0
2159,1985,GUADELOUPE (FRENCH TERRITORY),17.012999999999998,-62.448,6.4
2160,1985,INDONESIA,-9.245,114.185,6.2
2161,1985,PAPUA NEW GUINEA,-4.439,152.828,7.3
2162,1985,MEXICO,18.19,-102.53299999999999,8.0
2163,1985,MEXICO,17.802,-101.647,7.6
2164,1986,USA,51.52,-174.77599999999998,8.0
2165,1986,USA,52.327,-174.50400000000002,6.4
2166,1986,NEW ZEALAND,-28.116999999999997,-176.36700000000002,7.8
3507,1986,TAIWAN,23.901,121.574,7.8
2167,1987,JAPAN,36.988,141.689,6.7
2168,1987,PAPUA NEW GUINEA,-6.087999999999999,147.689,7.4
4237,1987,NORWAY,62.2,6.65,7.03
2169,1987,CHILE,-24.388,-70.161,7.6
2170,1987,JAPAN,32.034,131.83700000000002,6.7
2171,1987,JAPAN,37.446999999999996,137.865,5.1
5514,1987,NEW ZEALAND,-45.46,167.15,7.03
2172,1987,SOLOMON ISLANDS,-10.717,162.33,6.3
2173,1987,VANUATU,-14.074000000000002,167.828,6.7
2174,1987,TONGA,-17.94,-172.225,7.3
2175,1987,PAPUA NEW GUINEA,-7.287999999999999,154.371,7.0
2176,1987,PAPUA NEW GUINEA,-6.266,149.06,7.4
2177,1987,USA,58.586000000000006,-143.27,7.2
2178,1987,INDONESIA,-8.247,124.155,6.6
2179,1987,USA,58.678999999999995,-142.786,7.9
2180,1988,CHILE,-24.753,-70.433,7.2
2181,1988,USA,57.262,-142.747,7.8
2591,1988,ITALY,38.4,14.967,7.03
2182,1988,PHILIPPINES,18.605999999999998,121.01299999999999,5.4
2183,1988,PAPUA NEW GUINEA,-5.9639999999999995,148.78,6.8
2372,1988,BANGLADESH,25.149,95.12700000000001,7.2
2184,1988,SOLOMON ISLANDS,-10.258,160.89600000000002,7.6
2185,1989,AUSTRALIA,-52.341,160.56799999999998,8.1
2186,1989,USA,19.362000000000002,-155.083,6.5
2187,1989,USA,55.543,-156.835,7.1
2188,1989,USA,37.036,-121.883,6.9
2189,1989,JAPAN,39.571,143.333,6.5
2919,1989,ALGERIA,36.788000000000004,2.448,5.9
2369,1989,USA TERRITORY,18.986,-68.833,4.4
2190,1989,JAPAN,39.836999999999996,142.76,7.4
5440,1990,PHILIPPINES,9.755,124.694,6.6
2191,1990,JAPAN,34.705999999999996,139.252,6.4
2192,1990,COSTA RICA,9.919,-84.80799999999999,7.0
2194,1990,USA TERRITORY,15.125,147.596,7.5
2195,1990,PHILIPPINES,7.0,126.0,7.03
5703,1990,IRAN,36.957,49.409,7.3
2196,1990,JAPAN,33.266999999999996,138.643,6.5
2197,1990,ITALY,37.3,15.437999999999999,5.3
2198,1990,TAIWAN,23.721999999999998,121.62700000000001,6.3
2920,1991,GREECE,37.7,26.3,7.03
2199,1991,SOLOMON ISLANDS,-9.929,159.139,6.9
2200,1991,RUSSIA,48.268,154.328,5.7
2201,1991,USA,58.427,-175.45,6.7
2202,1991,COSTA RICA,9.685,-83.073,7.6
2203,1991,GREECE,37.133,26.833000000000002,7.03
2205,1991,SOLOMON ISLANDS,-9.094,158.442,7.2
2206,1991,RUSSIA,45.533,151.02100000000002,7.6
2207,1992,CHINA,18.0,108.0,3.7
2208,1992,USA,40.368,-124.316,7.2
2209,1992,PHILIPPINES,7.191,126.762,7.3
2210,1992,SOLOMON ISLANDS,-11.122,165.239,7.1
2211,1992,JAPAN,39.419000000000004,143.33,7.0
5427,1992,JAPAN,32.536,141.641,6.3
2213,1992,NICARAGUA,11.727,-87.38600000000001,7.7
2214,1992,INDONESIA,-8.48,121.896,7.8
2215,1993,JAPAN,37.634,137.245,6.3
5602,1993,WALLIS AND FUTUNA (FRENCH TERRITORY),-14.385,-178.252,6.4
2218,1993,RUSSIA,51.218,157.829,7.5
5515,1993,NEW ZEALAND,-28.886,-176.81900000000002,6.6
2219,1993,JAPAN,42.851000000000006,139.197,7.7
2220,1993,JAPAN,41.985,139.839,6.3
2221,1993,USA TERRITORY,12.982000000000001,144.80100000000002,7.8
2222,1993,RUSSIA,51.934,158.64700000000002,7.0
5405,1994,USA,44.4,-67.97,7.03
2223,1994,USA,34.213,-118.537,6.7
2224,1994,INDONESIA,1.015,127.73299999999999,7.0
2225,1994,INDONESIA,-4.967,104.302,6.9
2226,1994,JAPAN,40.608000000000004,143.683,6.4
4249,1994,NORWAY,61.266999999999996,6.582999999999999,7.03
5428,1994,TAIWAN,23.959,122.448,6.5
2227,1994,INDONESIA,-10.477,112.835,7.8
2592,1994,INDONESIA,-10.362,112.89200000000001,6.6
5576,1994,INDONESIA,-10.777000000000001,113.366,6.5
2593,1994,INDONESIA,-10.341,113.369,6.1
2228,1994,USA,40.402,-125.68,7.0
2229,1994,PAPUA NEW GUINEA,-4.238,152.214,7.03
2230,1994,RUSSIA,43.773,147.321,8.3
2231,1994,INDONESIA,-1.258,127.98,6.8
2232,1994,RUSSIA,43.905,147.916,7.3
2233,1994,USA,59.5,-135.3,7.03
2234,1994,PHILIPPINES,13.525,121.06700000000001,7.1
2235,1994,JAPAN,40.525,143.41899999999998,7.8
5691,1994,RUSSIA,45.22,36.72,7.03
2236,1995,JAPAN,34.583,135.018,6.9
2240,1995,SAMOA,-15.199000000000002,-173.52900000000002,7.4
2241,1995,PHILIPPINES,12.059000000000001,125.58,7.2
2242,1995,PHILIPPINES,12.047,125.92,6.8
2244,1995,GREECE,40.149,21.695,6.6
2245,1995,INDONESIA,-8.452,125.04899999999999,6.9
2246,1995,NEW CALEDONIA,-23.008000000000003,169.9,7.7
2247,1995,RUSSIA,52.629,142.827,7.1
2248,1995,GREECE,38.400999999999996,22.283,6.5
2249,1995,CHILE,-23.34,-70.294,8.0
2250,1995,PAPUA NEW GUINEA,-5.7989999999999995,154.178,7.7
2251,1995,MEXICO,16.779,-98.59700000000001,7.4
2252,1995,MEXICO,19.055,-104.205,8.0
2253,1995,JAPAN,27.929000000000002,130.175,7.1
2254,1995,JAPAN,28.094,130.148,6.8
2255,1995,CHILE,-28.906,-71.417,6.7
2256,1995,EGYPT,28.826,34.799,7.2
2257,1995,RUSSIA,44.663000000000004,149.3,7.9
2259,1996,INDONESIA,0.7290000000000001,119.931,7.9
2258,1996,GREECE,38.367,22.083000000000002,7.03
2392,1996,RUSSIA,54.05,159.43,7.03
2260,1996,INDONESIA,-0.8909999999999999,136.952,8.2
2261,1996,PERU,-9.593,-79.587,7.5
2262,1996,MEXICO,15.978,-98.07,7.1
5242,1996,SWITZERLAND,46.73,7.97,7.03
2263,1996,USA,51.56399999999999,-177.632,7.9
2264,1996,USA,51.478,-176.847,7.3
2265,1996,JAPAN,31.555,139.931,5.7
2266,1996,CHILE,-22.118000000000002,-113.436,6.9
5641,1996,TAIWAN,21.898000000000003,121.49799999999999,6.8
2267,1996,JAPAN,30.568,131.093,6.6
2268,1996,JAPAN,31.885,131.468,6.7
2269,1996,PERU,-14.993,-75.675,7.7
2270,1996,JAPAN,31.789,131.314,6.7
5707,1997,NEW CALEDONIA,-21.7,168.0,7.03
5416,1997,HONDURAS,13.1,-87.6,7.03
2273,1997,SOLOMON ISLANDS,-12.584000000000001,166.676,7.7
2274,1997,VENEZUELA,10.597999999999999,-63.486000000000004,7.0
3034,1997,JAPAN,31.959,141.878,6.2
2275,1997,TONGA,-22.1,-176.77,7.7
2277,1997,RUSSIA,54.841,162.035,7.8
2278,1997,RUSSIA,54.841,162.035,7.03
2279,1997,MONTSERRAT,16.72,-62.18,7.03
4247,1998,NORWAY,61.183,5.267,7.03
2587,1998,ANTARCTICA,-62.876999999999995,149.52700000000002,8.1
2280,1998,TAIWAN,22.305999999999997,125.30799999999999,7.5
2281,1998,PAPUA NEW GUINEA,-2.943,142.582,7.0
2588,1998,INDONESIA,-2.0709999999999997,124.891,7.7
2880,1999,MONTSERRAT,16.722,-62.18,7.03
2326,1999,TURKEY,40.76,29.97,7.6
3229,1999,FRENCH POLYNESIA,-10.52,-138.67,7.03
2339,1999,VANUATU,-16.423,168.21400000000003,7.5
2350,2000,PHILIPPINES,5.1,120.15,7.03
2922,2000,GREECE,34.22,25.69,5.5
2338,2000,INDONESIA,-1.105,123.573,7.6
2341,2000,AUSTRALIA,-13.802,97.45299999999999,7.9
2340,2000,JAPAN,34.221,139.131,6.1
3508,2000,JAPAN,34.319,139.26,6.1
3509,2000,JAPAN,33.900999999999996,139.376,6.5
2353,2000,USA,34.5,-120.65,7.03
2352,2000,PAPUA NEW GUINEA,-4.001,152.327,8.0
3535,2000,GREENLAND,70.25,-52.75,7.03
5692,2000,RUSSIA,45.12,36.7,7.03
5444,2001,EL SALVADOR,13.049000000000001,-88.66,7.7
2373,2001,PERU,-16.265,-73.641,8.4
5609,2001,CANADA,52.63,-132.2,6.1
2404,2001,TAIWAN,23.954,122.734,6.8
2397,2002,VANUATU,-17.6,167.856,7.2
2394,2002,PHILIPPINES,6.0329999999999995,124.249,7.5
5717,2002,GREECE,36.45,28.2,7.03
2395,2002,JAPAN,23.346,124.09,6.4
2396,2002,TAIWAN,24.279,122.179,7.1
2398,2002,PAPUA NEW GUINEA,-3.26,142.94,7.6
2399,2002,INDIA,13.036,93.068,6.5
2400,2002,INDONESIA,-1.757,134.297,7.6
5532,2002,NEW ZEALAND,-44.7,169.2,7.03
2923,2002,ITALY,38.789,15.213,7.03
2401,2003,SOLOMON ISLANDS,-10.491,160.77,7.3
2402,2003,MEXICO,18.77,-104.104,7.5
2403,2003,ALGERIA,36.964,3.634,6.8
3618,2003,ALGERIA,36.939,3.5780000000000003,5.7
2694,2003,MONTSERRAT,16.722,-62.18,7.03
2953,2003,NEW ZEALAND,-45.104,167.144,7.2
2406,2003,JAPAN,41.815,143.91,8.3
2428,2003,JAPAN,37.812,142.619,7.0
2429,2003,USA,51.146,178.65,7.8
3015,2003,NEW CALEDONIA,-22.107,169.35,6.1
2434,2004,INDONESIA,-3.12,127.4,6.7
4562,2004,JORDAN,31.675,35.551,5.3
2436,2004,JAPAN,33.07,136.618,7.2
2437,2004,JAPAN,33.184,137.071,7.4
3012,2004,CANADA,49.277,-128.77200000000002,6.6
3013,2004,INDONESIA,-8.152000000000001,124.868,7.5
2693,2004,GUADELOUPE (FRENCH TERRITORY),15.679,-61.706,6.3
5517,2004,NEW ZEALAND,-46.676,164.72099999999998,7.1
2921,2004,JAPAN,43.006,145.119,7.0
3014,2004,AUSTRALIA,-49.312,161.345,8.1
2439,2004,INDONESIA,3.3160000000000003,95.854,9.1
2466,2005,JAPAN,34.064,141.491,6.6
4802,2005,GUADELOUPE (FRENCH TERRITORY),15.775,-61.744,5.8
2487,2005,INDONESIA,2.085,97.10799999999999,8.6
2507,2005,INDONESIA,-1.6440000000000001,99.60700000000001,6.7
2547,2005,USA,41.301,-125.97,7.2
2548,2005,JAPAN,38.275999999999996,142.039,7.2
2590,2005,JAPAN,38.107,144.89600000000002,7.0
2875,2006,INDONESIA,-3.595,127.214,6.7
2749,2006,TONGA,-20.187,-174.123,8.0
2877,2006,MONTSERRAT,16.722,-62.18,7.03
5727,2006,SPAIN,40.0,3.83,7.03
2832,2006,INDONESIA,-9.254,107.411,7.7
2972,2006,SAMOA,-16.592,-172.033,6.9
3017,2006,USA,19.878,-155.935,6.7
3016,2006,RUSSIA,46.592,153.266,8.3
3622,2006,CHINA,21.799,120.54700000000001,7.0
3019,2007,RUSSIA,46.243,154.524,8.1
3038,2007,VANUATU,-20.616999999999997,169.357,7.1
3035,2007,JAPAN,37.336,136.588,6.7
3037,2007,SOLOMON ISLANDS,-8.46,157.04399999999998,8.1
3044,2007,CHILE,-45.285,-72.60600000000001,6.2
4311,2007,BULGARIA,43.0,29.0,7.03
3104,2007,JAPAN,37.57,138.47799999999998,6.6
3155,2007,RUSSIA,47.11600000000001,141.798,6.2
3156,2007,USA,51.306999999999995,-179.97099999999998,6.7
3168,2007,PERU,-13.386,-76.60300000000001,8.0
3598,2007,SOLOMON ISLANDS,-11.61,165.762,7.2
3228,2007,INDONESIA,-4.438,101.367,8.4
3248,2007,NEW ZEALAND,-49.418,163.954,7.4
3293,2007,CHILE,-22.247,-69.89,7.7
5441,2007,MARTINIQUE (FRENCH TERRITORY),14.944,-61.273999999999994,7.4
3348,2007,CANADA,49.475,-121.84700000000001,7.03
3599,2007,KERMADEC ISLANDS,-25.996,-177.514,7.8
3382,2008,INDONESIA,-2.4859999999999998,99.97200000000001,6.5
3505,2008,NEW CALEDONIA,-20.070999999999998,168.892,7.3
3601,2008,VANUATU,-19.941,168.953,6.4
3586,2008,CHINA,31.002,103.322,7.9
3558,2008,JAPAN,37.552,142.214,6.9
3587,2008,USA,52.18,-175.5,7.03
3588,2008,SOUTH AFRICA,-28.5,13.2,7.03
3589,2008,JAPAN,41.891999999999996,143.754,6.8
3621,2008,USA,43.8,-69.7,7.03
3623,2008,INDONESIA,1.271,122.09100000000001,7.3
5701,2008,CHINA,31.065,109.92,7.03
3647,2009,INDONESIA,-0.414,132.885,7.6
3649,2009,INDONESIA,-0.691,133.305,7.3
3691,2009,RUSSIA,46.857,155.154,7.4
3692,2009,INDONESIA,3.884,126.397,7.2
4312,2009,TONGA,-23.046,-174.65900000000002,7.6
4356,2009,HONDURAS,16.72,-86.236,7.3
5713,2009,GREECE,34.164,25.471,6.4
4376,2009,NEW ZEALAND,-45.762,166.562,7.8
4419,2009,INDIA,14.099,92.88799999999999,7.5
4418,2009,JAPAN,34.743,138.264,6.4
4482,2009,INDONESIA,-1.479,99.49,6.7
4440,2009,SAMOA,-15.489,-172.095,8.1
4441,2009,INDONESIA,-0.72,99.867,7.5
4442,2009,VANUATU,-13.005999999999998,166.51,7.6
4522,2010,SOLOMON ISLANDS,-8.743,157.477,6.6
4523,2010,SOLOMON ISLANDS,-8.799,157.346,7.1
4542,2010,SOLOMON ISLANDS,-9.019,157.55100000000002,6.8
4622,2010,HAITI,18.457,-72.533,7.0
4782,2010,JAPAN,25.93,128.425,7.0
4682,2010,CHILE,-36.122,-72.898,8.8
4722,2010,CHILE,-34.29,-71.891,6.9
4763,2010,INDONESIA,2.383,97.04799999999999,7.8
4762,2010,PERU,-9.282,-77.645,7.03
5443,2010,COOK ISLANDS,-21.955,-157.92,7.03
4822,2010,USA TERRITORY,16.708,145.97,7.03
4902,2010,INDIA,7.881,91.936,7.5
5222,2010,VANUATU,-17.541,168.06900000000002,7.2
5343,2010,USA TERRITORY,12.484000000000002,141.476,6.9
5342,2010,INDONESIA,-3.487,100.08200000000001,7.8
5402,2010,JAPAN,26.901,143.69799999999998,7.4
5403,2010,VANUATU,-19.702,167.947,7.3
5419,2011,VANUATU,-19.157,168.31099999999998,6.5
5406,2011,CHILE,-36.474000000000004,-73.125,6.8
5407,2011,NEW ZEALAND,-43.583,172.68,6.1
5412,2011,JAPAN,38.435,142.842,7.5
5413,2011,JAPAN,38.297,142.372,9.1
5429,2011,JAPAN,38.275999999999996,141.588,7.1
5721,2011,NEW CALEDONIA,-20.244,168.226,6.8
5432,2011,USA,52.05,-171.83599999999998,7.3
5433,2011,UK,50.5,-3.0,7.03
5430,2011,NEW ZEALAND,-29.539,-176.34,7.6
5431,2011,JAPAN,38.034,143.264,7.0
5435,2011,NORWAY,59.05,6.64,7.03
5434,2011,NORWAY,59.05,6.64,7.03
5437,2011,VANUATU,-18.365,168.143,7.1
5436,2011,VANUATU,-18.311,168.218,7.0
5438,2011,USA,52.17100000000001,-171.708,6.8
5439,2011,NEW ZEALAND,-28.993000000000002,-176.238,7.4
5442,2012,VANUATU,-17.827,167.13299999999998,7.0
5706,2012,VANUATU,-19.125,169.613,6.7
5446,2012,JAPAN,40.887,144.944,6.9
5447,2012,MEXICO,16.493,-98.23100000000001,7.4
5449,2012,INDONESIA,2.327,93.06299999999999,8.6
5450,2012,INDONESIA,0.802,92.463,8.2
5451,2012,VANUATU,-18.972,168.74099999999999,6.3
5460,2012,GREENLAND,69.2,-51.3,7.03
5462,2012,EL SALVADOR,12.139000000000001,-88.59,7.3
5463,2012,PHILIPPINES,10.811,126.63799999999999,7.6
5464,2012,COSTA RICA,10.085,-85.315,7.6
5467,2012,CANADA,52.788000000000004,-132.101,7.7
5468,2012,GUATEMALA,13.988,-91.895,7.3
5469,2012,JAPAN,37.89,143.94899999999998,7.2
5471,2012,CHINA,31.256,110.73299999999999,7.03
5472,2013,USA,55.393,-134.65200000000002,7.5
5476,2013,SOLOMON ISLANDS,-10.765999999999998,165.114,7.9
5477,2013,SOLOMON ISLANDS,-10.927999999999999,166.018,7.0
5479,2013,RUSSIA,46.221000000000004,150.78799999999998,7.2
5491,2013,NEW ZEALAND,-41.70399999999999,174.33700000000002,6.5
5519,2013,NEW ZEALAND,-41.731,174.02700000000002,6.5
5506,2013,PAKISTAN,25.18,62.26,7.03
5533,2013,JAPAN,37.2,144.6,7.1
5534,2013,ANTARCTICA,-60.273999999999994,-46.401,7.7
5555,2014,CHILE,-19.965,-70.814,6.7
5557,2014,CHILE,-19.61,-70.76899999999999,8.2
5558,2014,CHILE,-20.570999999999998,-70.493,7.7
5559,2014,SOLOMON ISLANDS,-11.27,162.148,7.6
5560,2014,SOLOMON ISLANDS,-11.463,162.05100000000002,7.4
5563,2014,MEXICO,17.397000000000002,-100.97200000000001,7.2
5564,2014,PAPUA NEW GUINEA,-6.755,155.024,7.5
5572,2014,NEW ZEALAND,-29.976999999999997,-177.725,6.9
5571,2014,USA,51.849,178.735,7.9
5693,2014,UKRAINE,46.32,30.67,7.03
5574,2014,JAPAN,37.005,142.453,6.5
5575,2014,USA,58.306000000000004,-136.96,6.1
5577,2014,CHILE,-32.108000000000004,-110.811,7.0
5607,2014,EL SALVADOR,12.526,-88.12299999999999,7.3
5578,2014,INDONESIA,1.893,126.522,7.1
5580,2015,JAPAN,39.856,142.881,6.7
5582,2015,VANUATU,-16.430999999999997,168.148,6.4
5581,2015,PAPUA NEW GUINEA,-4.729,152.562,7.5
5584,2015,JAPAN,31.529,140.213,5.7
5583,2015,PAPUA NEW GUINEA,-5.462000000000001,151.875,7.5
5674,2015,NORWAY,69.8,20.92,7.03
5700,2015,CHINA,31.076999999999998,109.896,7.03
5589,2015,SOLOMON ISLANDS,-9.307,158.403,6.7
5588,2015,SOLOMON ISLANDS,-10.401,165.141,7.0
5591,2015,USA,52.214,-169.399,6.9
5590,2015,CHILE,-31.573,-71.67399999999999,8.3
5596,2015,USA,60.08,-141.3,7.03
5592,2015,CHILE,-29.46,-72.12,6.9
5593,2015,JAPAN,31.000999999999998,128.873,6.7
5594,2015,GREECE,38.67,20.6,6.5
5722,2015,SOLOMON ISLANDS,-8.899,158.422,6.8
5598,2016,INDONESIA,-4.952,94.33,7.8
5599,2016,ECUADOR,0.35,-80.16,7.8
5600,2016,VANUATU,-16.043,167.37900000000002,7.0
5604,2016,NEW CALEDONIA,-22.476999999999997,173.11700000000002,7.2
5605,2016,UK TERRITORY,-55.285,-31.877,7.4
5606,2016,NEW ZEALAND,-37.359,179.146,7.0
5613,2016,NEW ZEALAND,-42.736999999999995,173.054,7.8
5618,2016,JAPAN,37.393,141.387,6.9
5620,2016,NICARAGUA,11.96,-88.835,6.9
5630,2016,SOLOMON ISLANDS,-10.681,161.327,7.8
5632,2016,SOLOMON ISLANDS,-10.749,161.132,6.9
5636,2016,PAPUA NEW GUINEA,-4.505,153.52200000000002,7.9
5637,2016,CHILE,-43.516999999999996,-74.391,7.6
5639,2017,FIJI,-19.373,176.05200000000002,6.9
5642,2017,PAPUA NEW GUINEA,-6.246,155.172,7.9
5643,2017,IRAN,27.835,51.94,7.03
5647,2017,CHILE,-33.038000000000004,-72.062,6.9
5648,2017,PHILIPPINES,5.504,125.066,6.9
5649,2017,USA,59.852,-136.67700000000002,6.2
5652,2017,GREECE,38.93,26.365,6.3
5651,2017,GREENLAND,71.813,-52.568999999999996,7.03
5654,2017,RUSSIA,54.443000000000005,168.857,7.7
5656,2017,COLOMBIA,11.0,-74.3,7.03
5655,2017,TURKEY,36.929,27.414,6.6
5658,2017,MEXICO,14.761,-94.103,8.2
5663,2017,NEW CALEDONIA,-21.66,169.203,6.8
5664,2017,NEW CALEDONIA,-21.63,168.88400000000001,6.6
5723,2017,NEW CALEDONIA,-21.638,168.673,6.3
5724,2017,NEW CALEDONIA,-21.503,168.59799999999998,6.6
5670,2017,NEW CALEDONIA,-21.334,168.683,7.0
5671,2017,KERMADEC ISLANDS,-30.0,-179.0,7.03
5672,2018,HONDURAS,17.474,-83.51899999999999,7.5
5675,2018,PERU,-15.776,-74.744,7.1
5673,2018,USA,56.04600000000001,-149.07299999999998,7.9
5676,2018,PAPUA NEW GUINEA,-3.608,144.588,7.03
5678,2018,USA,19.37,-155.032,6.9
5685,2018,INDONESIA,-8.287,116.45200000000001,6.9
5686,2018,FIJI,-18.178,-178.111,8.2
5687,2018,VENEZUELA,10.855,-62.883,7.3
5688,2018,NEW CALEDONIA,-22.066,170.05,7.1
5689,2018,INDONESIA,-0.17800000000000002,119.84,7.5
5725,2018,NEW CALEDONIA,-21.743000000000002,169.52200000000002,6.5
5690,2018,GREECE,37.506,20.563000000000002,6.8
5698,2018,NEW CALEDONIA,-21.969,169.446,7.5
5714,2018,RUSSIA,50.56,131.47,7.03
5699,2018,INDONESIA,-6.102,105.42299999999999,7.03
5705,2019,PAPUA NEW GUINEA,-4.081,152.569,7.5
5710,2019,CHILE,-30.055999999999997,-72.082,6.4
5711,2019,NEW ZEALAND,-30.805,-178.095,7.2
5712,2019,JAPAN,38.646,139.472,6.4
5716,2019,ITALY,38.789,15.213,7.03
5733,2019,INDONESIA,1.6,126.416,7.1
