Entity,Latitude,Longitude,Code,Year,Percentage
Albania,41.153332,20.168331,ALB,1996,12.36
Albania,41.153332,20.168331,ALB,2002,16.61
Albania,41.153332,20.168331,ALB,2005,9.79
Albania,41.153332,20.168331,ALB,2008,6.11
Albania,41.153332,20.168331,ALB,2012,6.79
Angola,-11.202692,17.873887,AGO,2000,54.25
Angola,-11.202692,17.873887,AGO,2008,54.52
Argentina,-38.416097,-63.616672,ARG,1987,2.22
Argentina,-38.416097,-63.616672,ARG,1991,3.91
Argentina,-38.416097,-63.616672,ARG,1992,4.48
Argentina,-38.416097,-63.616672,ARG,1993,5.16
Argentina,-38.416097,-63.616672,ARG,1994,5.39
Argentina,-38.416097,-63.616672,ARG,1995,8.23
Argentina,-38.416097,-63.616672,ARG,1996,8.98
Argentina,-38.416097,-63.616672,ARG,1997,8.48
Argentina,-38.416097,-63.616672,ARG,1998,9.77
Argentina,-38.416097,-63.616672,ARG,1999,10.15
Argentina,-38.416097,-63.616672,ARG,2000,12.12
Argentina,-38.416097,-63.616672,ARG,2001,17.05
Argentina,-38.416097,-63.616672,ARG,2002,25.4
Argentina,-38.416097,-63.616672,ARG,2003,19.14
Argentina,-38.416097,-63.616672,ARG,2004,14.59
Argentina,-38.416097,-63.616672,ARG,2005,11.36
Argentina,-38.416097,-63.616672,ARG,2006,8.7
Argentina,-38.416097,-63.616672,ARG,2007,7.13
Argentina,-38.416097,-63.616672,ARG,2008,6.79
Argentina,-38.416097,-63.616672,ARG,2009,6.41
Argentina,-38.416097,-63.616672,ARG,2010,4.99
Argentina,-38.416097,-63.616672,ARG,2011,3.6
Argentina,-38.416097,-63.616672,ARG,2012,3.69
Argentina,-38.416097,-63.616672,ARG,2013,3.63
Argentina,-38.416097,-63.616672,ARG,2014,4.28
Armenia,40.069099,45.038189,ARM,1996,40.42
Armenia,40.069099,45.038189,ARM,1999,50.02
Armenia,40.069099,45.038189,ARM,2001,53.09
Armenia,40.069099,45.038189,ARM,2002,49.45
Armenia,40.069099,45.038189,ARM,2003,45.48
Armenia,40.069099,45.038189,ARM,2004,33.93
Armenia,40.069099,45.038189,ARM,2005,24.7
Armenia,40.069099,45.038189,ARM,2006,20.04
Armenia,40.069099,45.038189,ARM,2007,21.92
Armenia,40.069099,45.038189,ARM,2008,12.92
Armenia,40.069099,45.038189,ARM,2009,16.35
Armenia,40.069099,45.038189,ARM,2010,21.65
Armenia,40.069099,45.038189,ARM,2011,19.03
Armenia,40.069099,45.038189,ARM,2012,17.4
Armenia,40.069099,45.038189,ARM,2013,16.97
Armenia,40.069099,45.038189,ARM,2014,14.62
Azerbaijan,40.143105,47.576927,AZE,1995,24.78
Azerbaijan,40.143105,47.576927,AZE,2001,16.32
Azerbaijan,40.143105,47.576927,AZE,2002,0.24
Azerbaijan,40.143105,47.576927,AZE,2003,0.35
Azerbaijan,40.143105,47.576927,AZE,2008,2.51
Bangladesh,23.684994,90.356331,BGD,1983,81.23
Bangladesh,23.684994,90.356331,BGD,1985,76.79
Bangladesh,23.684994,90.356331,BGD,1988,81.52
Bangladesh,23.684994,90.356331,BGD,1991,82.37
Bangladesh,23.684994,90.356331,BGD,1995,73.17
Bangladesh,23.684994,90.356331,BGD,2000,70.06
Bangladesh,23.684994,90.356331,BGD,2005,62.96
Bangladesh,23.684994,90.356331,BGD,2010,56.8
Belarus,53.709807,27.953389,BLR,1988,0.64
Belarus,53.709807,27.953389,BLR,1993,2.7
Belarus,53.709807,27.953389,BLR,1995,2.62
Belarus,53.709807,27.953389,BLR,1998,36.14
Belarus,53.709807,27.953389,BLR,1999,31.61
Belarus,53.709807,27.953389,BLR,2000,25.51
Belarus,53.709807,27.953389,BLR,2001,13.95
Belarus,53.709807,27.953389,BLR,2002,10.01
Belarus,53.709807,27.953389,BLR,2003,8.29
Belarus,53.709807,27.953389,BLR,2004,3.83
Belarus,53.709807,27.953389,BLR,2005,2.22
Belarus,53.709807,27.953389,BLR,2006,0.9
Belarus,53.709807,27.953389,BLR,2007,0.93
Belarus,53.709807,27.953389,BLR,2008,0.47
Belarus,53.709807,27.953389,BLR,2009,0.54
Belarus,53.709807,27.953389,BLR,2010,0.17
Belarus,53.709807,27.953389,BLR,2011,0.04
Belarus,53.709807,27.953389,BLR,2012,0.07
Belize,17.189877,-88.49765,BLZ,1993,24.3
Belize,17.189877,-88.49765,BLZ,1994,24.36
Belize,17.189877,-88.49765,BLZ,1995,21.55
Belize,17.189877,-88.49765,BLZ,1996,28.56
Belize,17.189877,-88.49765,BLZ,1997,34.64
Belize,17.189877,-88.49765,BLZ,1998,32.64
Belize,17.189877,-88.49765,BLZ,1999,27.2
Benin,9.30769,2.315834,BEN,2003,77.22
Benin,9.30769,2.315834,BEN,2011,75.63
Bhutan,27.514162,90.433601,BTN,2003,60.9
Bhutan,27.514162,90.433601,BTN,2007,28.87
Bhutan,27.514162,90.433601,BTN,2012,13.33
Bolivia,-16.290154,-63.588653,BOL,1990,24.84
Bolivia,-16.290154,-63.588653,BOL,1992,35.91
Bolivia,-16.290154,-63.588653,BOL,1997,30.98
Bolivia,-16.290154,-63.588653,BOL,1999,37.43
Bolivia,-16.290154,-63.588653,BOL,2000,41.38
Bolivia,-16.290154,-63.588653,BOL,2001,35.77
Bolivia,-16.290154,-63.588653,BOL,2002,36.85
Bolivia,-16.290154,-63.588653,BOL,2004,27.98
Bolivia,-16.290154,-63.588653,BOL,2005,32.24
Bolivia,-16.290154,-63.588653,BOL,2006,29.24
Bolivia,-16.290154,-63.588653,BOL,2007,27.31
Bolivia,-16.290154,-63.588653,BOL,2008,20.73
Bolivia,-16.290154,-63.588653,BOL,2009,19.2
Bolivia,-16.290154,-63.588653,BOL,2011,14.63
Bolivia,-16.290154,-63.588653,BOL,2012,15.77
Bolivia,-16.290154,-63.588653,BOL,2013,13.35
Bolivia,-16.290154,-63.588653,BOL,2014,12.69
Bosnia and Herzegovina,43.915886,17.679076,BIH,2001,0.93
Bosnia and Herzegovina,43.915886,17.679076,BIH,2004,0.64
Bosnia and Herzegovina,43.915886,17.679076,BIH,2007,0.42
Bosnia and Herzegovina,43.915886,17.679076,BIH,2011,0.45
Botswana,-22.328474,24.684866,BWA,1985,62.52
Botswana,-22.328474,24.684866,BWA,1993,54.66
Botswana,-22.328474,24.684866,BWA,2002,49.04
Botswana,-22.328474,24.684866,BWA,2009,35.74
Brazil,-14.235004,-51.92528,BRA,1981,41.44
Brazil,-14.235004,-51.92528,BRA,1982,40.51
Brazil,-14.235004,-51.92528,BRA,1983,49.17
Brazil,-14.235004,-51.92528,BRA,1984,48.58
Brazil,-14.235004,-51.92528,BRA,1985,42.74
Brazil,-14.235004,-51.92528,BRA,1986,21.36
Brazil,-14.235004,-51.92528,BRA,1987,32.93
Brazil,-14.235004,-51.92528,BRA,1988,37.76
Brazil,-14.235004,-51.92528,BRA,1989,35.14
Brazil,-14.235004,-51.92528,BRA,1990,35.79
Brazil,-14.235004,-51.92528,BRA,1992,35.77
Brazil,-14.235004,-51.92528,BRA,1993,34.84
Brazil,-14.235004,-51.92528,BRA,1995,25.88
Brazil,-14.235004,-51.92528,BRA,1996,26.57
Brazil,-14.235004,-51.92528,BRA,1997,26.81
Brazil,-14.235004,-51.92528,BRA,1998,24.48
Brazil,-14.235004,-51.92528,BRA,1999,25.61
Brazil,-14.235004,-51.92528,BRA,2001,25.82
Brazil,-14.235004,-51.92528,BRA,2002,24.47
Brazil,-14.235004,-51.92528,BRA,2003,25.18
Brazil,-14.235004,-51.92528,BRA,2004,23.27
Brazil,-14.235004,-51.92528,BRA,2005,21.19
Brazil,-14.235004,-51.92528,BRA,2006,17.88
Brazil,-14.235004,-51.92528,BRA,2007,16.8
Brazil,-14.235004,-51.92528,BRA,2008,14.21
Brazil,-14.235004,-51.92528,BRA,2009,13.47
Brazil,-14.235004,-51.92528,BRA,2011,11.37
Brazil,-14.235004,-51.92528,BRA,2012,9.28
Brazil,-14.235004,-51.92528,BRA,2013,9.06
Brazil,-14.235004,-51.92528,BRA,2014,7.56
Bulgaria,42.733883,25.48583,BGR,1989,0.08
Bulgaria,42.733883,25.48583,BGR,1994,0.54
Bulgaria,42.733883,25.48583,BGR,1995,3.07
Bulgaria,42.733883,25.48583,BGR,1997,4.31
Bulgaria,42.733883,25.48583,BGR,2001,6.9
Bulgaria,42.733883,25.48583,BGR,2003,3.88
Bulgaria,42.733883,25.48583,BGR,2006,10.33
Bulgaria,42.733883,25.48583,BGR,2007,1.76
Bulgaria,42.733883,25.48583,BGR,2008,2.82
Bulgaria,42.733883,25.48583,BGR,2009,2.61
Bulgaria,42.733883,25.48583,BGR,2010,3.8
Bulgaria,42.733883,25.48583,BGR,2011,4.66
Bulgaria,42.733883,25.48583,BGR,2012,4.7
Burkina Faso,12.238333,-1.561593,BFA,1994,92.39
Burkina Faso,12.238333,-1.561593,BFA,1998,91
Burkina Faso,12.238333,-1.561593,BFA,2003,79.3
Burkina Faso,12.238333,-1.561593,BFA,2009,80.47
Burkina Faso,12.238333,-1.561593,BFA,2014,74.65
Burundi,-3.373056,29.918886,BDI,1992,94.39
Burundi,-3.373056,29.918886,BDI,1998,94.98
Burundi,-3.373056,29.918886,BDI,2006,92.17
Cambodia,12.565679,104.990963,KHM,1994,67.04
Cambodia,12.565679,104.990963,KHM,2004,53.25
Cambodia,12.565679,104.990963,KHM,2007,49.09
Cambodia,12.565679,104.990963,KHM,2008,37.71
Cambodia,12.565679,104.990963,KHM,2009,27.78
Cambodia,12.565679,104.990963,KHM,2010,25.54
Cambodia,12.565679,104.990963,KHM,2011,25.61
Cambodia,12.565679,104.990963,KHM,2012,21.58
Cameroon,7.369722,12.354722,CMR,1996,72.27
Cameroon,7.369722,12.354722,CMR,2001,50.85
Cameroon,7.369722,12.354722,CMR,2007,54.27
Cameroon,7.369722,12.354722,CMR,2014,43.54
Cape Verde,16.002082,-24.013197,CPV,2001,35.9
Cape Verde,16.002082,-24.013197,CPV,2007,25.1
Central African Republic,6.611111,20.939444,CAF,1992,91.91
Central African Republic,6.611111,20.939444,CAF,2003,84.17
Central African Republic,6.611111,20.939444,CAF,2008,82.27
Chad,15.454166,18.732207,TCD,2003,84.55
Chad,15.454166,18.732207,TCD,2011,64.82
Chile,-35.675147,-71.542969,CHL,1987,21.98
Chile,-35.675147,-71.542969,CHL,1990,20.89
Chile,-35.675147,-71.542969,CHL,1992,15.3
Chile,-35.675147,-71.542969,CHL,1994,14.3
Chile,-35.675147,-71.542969,CHL,1996,11.33
Chile,-35.675147,-71.542969,CHL,1998,10.32
Chile,-35.675147,-71.542969,CHL,2000,9.42
Chile,-35.675147,-71.542969,CHL,2003,8.08
Chile,-35.675147,-71.542969,CHL,2006,5.15
Chile,-35.675147,-71.542969,CHL,2009,4.1
Chile,-35.675147,-71.542969,CHL,2011,2.91
Chile,-35.675147,-71.542969,CHL,2013,2.05
China,35.86166,104.195397,CHN,1981,99.14
China,35.86166,104.195397,CHN,1984,95.87
China,35.86166,104.195397,CHN,1987,89.15
China,35.86166,104.195397,CHN,1990,89.2
China,35.86166,104.195397,CHN,1993,82.31
China,35.86166,104.195397,CHN,1996,71.5
China,35.86166,104.195397,CHN,1999,67.18
China,35.86166,104.195397,CHN,2002,56.4
China,35.86166,104.195397,CHN,2005,41.76
China,35.86166,104.195397,CHN,2008,32.96
China,35.86166,104.195397,CHN,2010,27.24
China,35.86166,104.195397,CHN,2011,22.24
China,35.86166,104.195397,CHN,2012,19.05
China,35.86166,104.195397,CHN,2013,11.09
Colombia,4.570868,-74.297333,COL,1988,25.33
Colombia,4.570868,-74.297333,COL,1989,24.4
Colombia,4.570868,-74.297333,COL,1991,22.7
Colombia,4.570868,-74.297333,COL,1992,19.91
Colombia,4.570868,-74.297333,COL,1996,28.22
Colombia,4.570868,-74.297333,COL,1999,33.12
Colombia,4.570868,-74.297333,COL,2000,27.85
Colombia,4.570868,-74.297333,COL,2001,37.07
Colombia,4.570868,-74.297333,COL,2002,28.27
Colombia,4.570868,-74.297333,COL,2003,26.59
Colombia,4.570868,-74.297333,COL,2004,26.51
Colombia,4.570868,-74.297333,COL,2005,22.86
Colombia,4.570868,-74.297333,COL,2008,22.76
Colombia,4.570868,-74.297333,COL,2009,20.4
Colombia,4.570868,-74.297333,COL,2010,17.6
Colombia,4.570868,-74.297333,COL,2011,15.31
Colombia,4.570868,-74.297333,COL,2012,16.2
Colombia,4.570868,-74.297333,COL,2013,13.79
Colombia,4.570868,-74.297333,COL,2014,13.2
Comoros,-11.875001,43.872219,COM,2004,32.26
Congo,-0.228021,15.827659,COG,2005,71.76
Congo,-0.228021,15.827659,COG,2011,59.62
Costa Rica,9.748917,-83.753428,CRI,1981,55.5
Costa Rica,9.748917,-83.753428,CRI,1986,24.12
Costa Rica,9.748917,-83.753428,CRI,1989,21.23
Costa Rica,9.748917,-83.753428,CRI,1990,18.22
Costa Rica,9.748917,-83.753428,CRI,1991,22.66
Costa Rica,9.748917,-83.753428,CRI,1992,18.81
Costa Rica,9.748917,-83.753428,CRI,1993,15.78
Costa Rica,9.748917,-83.753428,CRI,1994,13.12
Costa Rica,9.748917,-83.753428,CRI,1995,13.67
Costa Rica,9.748917,-83.753428,CRI,1996,16.03
Costa Rica,9.748917,-83.753428,CRI,1997,12.95
Costa Rica,9.748917,-83.753428,CRI,1998,10.23
Costa Rica,9.748917,-83.753428,CRI,1999,12.63
Costa Rica,9.748917,-83.753428,CRI,2000,13.22
Costa Rica,9.748917,-83.753428,CRI,2001,12.34
Costa Rica,9.748917,-83.753428,CRI,2002,11.97
Costa Rica,9.748917,-83.753428,CRI,2003,11.68
Costa Rica,9.748917,-83.753428,CRI,2004,11.09
Costa Rica,9.748917,-83.753428,CRI,2005,9.01
Costa Rica,9.748917,-83.753428,CRI,2006,9.47
Costa Rica,9.748917,-83.753428,CRI,2007,6.07
Costa Rica,9.748917,-83.753428,CRI,2008,5.88
Costa Rica,9.748917,-83.753428,CRI,2009,6.6
Costa Rica,9.748917,-83.753428,CRI,2010,3.92
Costa Rica,9.748917,-83.753428,CRI,2011,4.07
Costa Rica,9.748917,-83.753428,CRI,2012,4.07
Costa Rica,9.748917,-83.753428,CRI,2013,3.95
Costa Rica,9.748917,-83.753428,CRI,2014,3.93
Cote d'Ivoire,7.539989,-5.54708,CIV,1985,18.28
Cote d'Ivoire,7.539989,-5.54708,CIV,1986,16.95
Cote d'Ivoire,7.539989,-5.54708,CIV,1987,24.3
Cote d'Ivoire,7.539989,-5.54708,CIV,1988,32.4
Cote d'Ivoire,7.539989,-5.54708,CIV,1992,47.4
Cote d'Ivoire,7.539989,-5.54708,CIV,1995,48.23
Cote d'Ivoire,7.539989,-5.54708,CIV,1998,53.95
Cote d'Ivoire,7.539989,-5.54708,CIV,2002,54.79
Cote d'Ivoire,7.539989,-5.54708,CIV,2008,55.14
Croatia,45.1,15.2,HRV,1988,0.08
Croatia,45.1,15.2,HRV,1999,0.51
Croatia,45.1,15.2,HRV,2000,0.26
Croatia,45.1,15.2,HRV,2001,0.29
Croatia,45.1,15.2,HRV,2004,0.15
Croatia,45.1,15.2,HRV,2008,0.12
Croatia,45.1,15.2,HRV,2009,0.08
Croatia,45.1,15.2,HRV,2010,0.05
Croatia,45.1,15.2,HRV,2011,2
Croatia,45.1,15.2,HRV,2012,2.24
Czech Republic,49.817492,15.472962,CZE,1993,0.03
Czech Republic,49.817492,15.472962,CZE,1996,0.26
Czech Republic,49.817492,15.472962,CZE,2004,0.03
Czech Republic,49.817492,15.472962,CZE,2005,0.06
Czech Republic,49.817492,15.472962,CZE,2006,0.08
Czech Republic,49.817492,15.472962,CZE,2007,0.2
Czech Republic,49.817492,15.472962,CZE,2008,0.13
Czech Republic,49.817492,15.472962,CZE,2009,0.08
Czech Republic,49.817492,15.472962,CZE,2010,0.13
Czech Republic,49.817492,15.472962,CZE,2011,0.11
Czech Republic,49.817492,15.472962,CZE,2012,0.3
Democratic Republic of Congo,-4.038333,21.758664,COD,2004,98.35
Democratic Republic of Congo,-4.038333,21.758664,COD,2012,90.7
Djibouti,11.825138,42.590275,DJI,2002,46.12
Djibouti,11.825138,42.590275,DJI,2012,36.98
Djibouti,11.825138,42.590275,DJI,2013,43.05
Dominican Republic,18.735693,-70.162651,DOM,1986,60.88
Dominican Republic,18.735693,-70.162651,DOM,1989,58.8
Dominican Republic,18.735693,-70.162651,DOM,1992,16.65
Dominican Republic,18.735693,-70.162651,DOM,1996,12.7
Dominican Republic,18.735693,-70.162651,DOM,1997,11.78
Dominican Republic,18.735693,-70.162651,DOM,2000,12.18
Dominican Republic,18.735693,-70.162651,DOM,2001,11.98
Dominican Republic,18.735693,-70.162651,DOM,2002,13.62
Dominican Republic,18.735693,-70.162651,DOM,2003,16.86
Dominican Republic,18.735693,-70.162651,DOM,2004,21.96
Dominican Republic,18.735693,-70.162651,DOM,2005,15.94
Dominican Republic,18.735693,-70.162651,DOM,2006,13.63
Dominican Republic,18.735693,-70.162651,DOM,2007,12.94
Dominican Republic,18.735693,-70.162651,DOM,2008,13.3
Dominican Republic,18.735693,-70.162651,DOM,2009,11.55
Dominican Republic,18.735693,-70.162651,DOM,2010,11.5
Dominican Republic,18.735693,-70.162651,DOM,2011,10
Dominican Republic,18.735693,-70.162651,DOM,2012,10.22
Dominican Republic,18.735693,-70.162651,DOM,2013,9.12
Ecuador,-1.831239,-78.183406,ECU,1987,39.89
Ecuador,-1.831239,-78.183406,ECU,1994,33.94
Ecuador,-1.831239,-78.183406,ECU,1995,31.5
Ecuador,-1.831239,-78.183406,ECU,1998,34.85
Ecuador,-1.831239,-78.183406,ECU,1999,39.06
Ecuador,-1.831239,-78.183406,ECU,2000,47.95
Ecuador,-1.831239,-78.183406,ECU,2003,32.92
Ecuador,-1.831239,-78.183406,ECU,2004,30.54
Ecuador,-1.831239,-78.183406,ECU,2005,26.99
Ecuador,-1.831239,-78.183406,ECU,2006,21.1
Ecuador,-1.831239,-78.183406,ECU,2007,20.94
Ecuador,-1.831239,-78.183406,ECU,2008,20.47
Ecuador,-1.831239,-78.183406,ECU,2009,20.1
Ecuador,-1.831239,-78.183406,ECU,2010,16.91
Ecuador,-1.831239,-78.183406,ECU,2011,14.54
Ecuador,-1.831239,-78.183406,ECU,2012,13.97
Ecuador,-1.831239,-78.183406,ECU,2013,11.64
Ecuador,-1.831239,-78.183406,ECU,2014,10.22
El Salvador,13.794185,-88.89653,SLV,1989,31.52
El Salvador,13.794185,-88.89653,SLV,1991,35.24
El Salvador,13.794185,-88.89653,SLV,1995,38.98
El Salvador,13.794185,-88.89653,SLV,1996,40.94
El Salvador,13.794185,-88.89653,SLV,1998,31.78
El Salvador,13.794185,-88.89653,SLV,1999,27.82
El Salvador,13.794185,-88.89653,SLV,2000,22.73
El Salvador,13.794185,-88.89653,SLV,2001,24.15
El Salvador,13.794185,-88.89653,SLV,2002,23.93
El Salvador,13.794185,-88.89653,SLV,2003,27.25
El Salvador,13.794185,-88.89653,SLV,2004,20.77
El Salvador,13.794185,-88.89653,SLV,2005,20.88
El Salvador,13.794185,-88.89653,SLV,2006,17.34
El Salvador,13.794185,-88.89653,SLV,2007,13.94
El Salvador,13.794185,-88.89653,SLV,2008,18.58
El Salvador,13.794185,-88.89653,SLV,2009,17.51
El Salvador,13.794185,-88.89653,SLV,2010,18.55
El Salvador,13.794185,-88.89653,SLV,2011,15.04
El Salvador,13.794185,-88.89653,SLV,2012,13.61
El Salvador,13.794185,-88.89653,SLV,2013,11.53
El Salvador,13.794185,-88.89653,SLV,2014,11.29
Estonia,58.595272,25.013607,EST,1988,0.15
Estonia,58.595272,25.013607,EST,1993,5.77
Estonia,58.595272,25.013607,EST,1995,5
Estonia,58.595272,25.013607,EST,1998,3.08
Estonia,58.595272,25.013607,EST,2000,5.34
Estonia,58.595272,25.013607,EST,2001,5.23
Estonia,58.595272,25.013607,EST,2002,4.96
Estonia,58.595272,25.013607,EST,2003,5.55
Estonia,58.595272,25.013607,EST,2004,3.21
Estonia,58.595272,25.013607,EST,2005,1.94
Estonia,58.595272,25.013607,EST,2006,1.46
Estonia,58.595272,25.013607,EST,2007,0.88
Estonia,58.595272,25.013607,EST,2008,0.92
Estonia,58.595272,25.013607,EST,2009,1.24
Estonia,58.595272,25.013607,EST,2010,1.82
Estonia,58.595272,25.013607,EST,2011,1.82
Estonia,58.595272,25.013607,EST,2012,1.61
Ethiopia,9.145,40.489673,ETH,1981,91.54
Ethiopia,9.145,40.489673,ETH,1995,86.38
Ethiopia,9.145,40.489673,ETH,1999,87.14
Ethiopia,9.145,40.489673,ETH,2004,76.22
Ethiopia,9.145,40.489673,ETH,2010,71.27
Fiji,-16.578193,179.414413,FJI,2002,21.89
Fiji,-16.578193,179.414413,FJI,2008,18.5
Gabon,-0.803689,11.609444,GAB,2005,24.43
Gambia,13.443182,-15.310139,GMB,1998,85.86
Gambia,13.443182,-15.310139,GMB,2003,68
Georgia,42.315407,43.356892,GEO,1996,17.15
Georgia,42.315407,43.356892,GEO,1997,36.76
Georgia,42.315407,43.356892,GEO,1998,35.16
Georgia,42.315407,43.356892,GEO,1999,42.12
Georgia,42.315407,43.356892,GEO,2000,45.08
Georgia,42.315407,43.356892,GEO,2001,47.3
Georgia,42.315407,43.356892,GEO,2002,39.75
Georgia,42.315407,43.356892,GEO,2003,40
Georgia,42.315407,43.356892,GEO,2004,37.17
Georgia,42.315407,43.356892,GEO,2005,36.54
Georgia,42.315407,43.356892,GEO,2006,34.09
Georgia,42.315407,43.356892,GEO,2007,37.17
Georgia,42.315407,43.356892,GEO,2008,35.11
Georgia,42.315407,43.356892,GEO,2009,35.76
Georgia,42.315407,43.356892,GEO,2010,38.61
Georgia,42.315407,43.356892,GEO,2011,36.84
Georgia,42.315407,43.356892,GEO,2012,34.56
Georgia,42.315407,43.356892,GEO,2013,28.58
Georgia,42.315407,43.356892,GEO,2014,25.27
Ghana,7.946527,-1.023194,GHA,1987,71.56
Ghana,7.946527,-1.023194,GHA,1988,70.76
Ghana,7.946527,-1.023194,GHA,1991,75.52
Ghana,7.946527,-1.023194,GHA,1998,60.52
Ghana,7.946527,-1.023194,GHA,2005,49.04
Guatemala,15.783471,-90.230759,GTM,1986,69.65
Guatemala,15.783471,-90.230759,GTM,1989,55.03
Guatemala,15.783471,-90.230759,GTM,1998,27
Guatemala,15.783471,-90.230759,GTM,2000,22.22
Guatemala,15.783471,-90.230759,GTM,2006,23.69
Guatemala,15.783471,-90.230759,GTM,2011,26.47
Guatemala,15.783471,-90.230759,GTM,2014,24.05
Guinea,9.945587,-9.696645,GIN,1991,98.49
Guinea,9.945587,-9.696645,GIN,1994,71.3
Guinea,9.945587,-9.696645,GIN,2002,83.07
Guinea,9.945587,-9.696645,GIN,2007,81.22
Guinea,9.945587,-9.696645,GIN,2012,68.65
Guinea-Bissau,11.803749,-15.180413,GNB,1991,61.08
Guinea-Bissau,11.803749,-15.180413,GNB,1993,85.01
Guinea-Bissau,11.803749,-15.180413,GNB,2002,80.93
Guinea-Bissau,11.803749,-15.180413,GNB,2010,83.59
Guyana,4.860416,-58.93018,GUY,1992,58.61
Guyana,4.860416,-58.93018,GUY,1998,28.28
Haiti,18.971187,-72.285215,HTI,2001,73.38
Haiti,18.971187,-72.285215,HTI,2012,70.99
Honduras,15.199999,-86.241905,HND,1986,42.74
Honduras,15.199999,-86.241905,HND,1989,57.08
Honduras,15.199999,-86.241905,HND,1990,63.09
Honduras,15.199999,-86.241905,HND,1991,55.37
Honduras,15.199999,-86.241905,HND,1992,50.9
Honduras,15.199999,-86.241905,HND,1993,45.17
Honduras,15.199999,-86.241905,HND,1994,44.98
Honduras,15.199999,-86.241905,HND,1995,47.35
Honduras,15.199999,-86.241905,HND,1996,49.82
Honduras,15.199999,-86.241905,HND,1997,38.72
Honduras,15.199999,-86.241905,HND,1998,40.7
Honduras,15.199999,-86.241905,HND,1999,42.09
Honduras,15.199999,-86.241905,HND,2001,31.93
Honduras,15.199999,-86.241905,HND,2002,43.37
Honduras,15.199999,-86.241905,HND,2003,42.89
Honduras,15.199999,-86.241905,HND,2004,41.88
Honduras,15.199999,-86.241905,HND,2005,42.58
Honduras,15.199999,-86.241905,HND,2006,37.3
Honduras,15.199999,-86.241905,HND,2007,31.97
Honduras,15.199999,-86.241905,HND,2008,29.35
Honduras,15.199999,-86.241905,HND,2009,26.82
Honduras,15.199999,-86.241905,HND,2010,29.11
Honduras,15.199999,-86.241905,HND,2011,32.67
Honduras,15.199999,-86.241905,HND,2012,37.26
Honduras,15.199999,-86.241905,HND,2013,34.55
Honduras,15.199999,-86.241905,HND,2014,31.21
Hungary,47.162494,19.503304,HUN,1987,0.1
Hungary,47.162494,19.503304,HUN,1989,0.41
Hungary,47.162494,19.503304,HUN,1993,0.37
Hungary,47.162494,19.503304,HUN,1998,0.54
Hungary,47.162494,19.503304,HUN,1999,0.27
Hungary,47.162494,19.503304,HUN,2000,0.3
Hungary,47.162494,19.503304,HUN,2001,0.18
Hungary,47.162494,19.503304,HUN,2002,0.07
Hungary,47.162494,19.503304,HUN,2003,0.42
Hungary,47.162494,19.503304,HUN,2004,0.24
Hungary,47.162494,19.503304,HUN,2005,1.5
Hungary,47.162494,19.503304,HUN,2006,0.26
Hungary,47.162494,19.503304,HUN,2007,0.33
Hungary,47.162494,19.503304,HUN,2008,0.17
Hungary,47.162494,19.503304,HUN,2009,0.15
Hungary,47.162494,19.503304,HUN,2010,0.26
Hungary,47.162494,19.503304,HUN,2011,0.3
Hungary,47.162494,19.503304,HUN,2012,0.52
India,20.593684,78.96288,IND,1983,83.67
India,20.593684,78.96288,IND,1987,78.91
India,20.593684,78.96288,IND,1993,79.62
India,20.593684,78.96288,IND,2004,73.46
India,20.593684,78.96288,IND,2009,67.95
India,20.593684,78.96288,IND,2011,57.96
Indonesia,-0.789275,113.921327,IDN,1984,90.58
Indonesia,-0.789275,113.921327,IDN,1987,91.58
Indonesia,-0.789275,113.921327,IDN,1990,85.32
Indonesia,-0.789275,113.921327,IDN,1993,84.91
Indonesia,-0.789275,113.921327,IDN,1996,77.55
Indonesia,-0.789275,113.921327,IDN,1998,88.81
Indonesia,-0.789275,113.921327,IDN,1999,77.52
Indonesia,-0.789275,113.921327,IDN,2000,78.52
Indonesia,-0.789275,113.921327,IDN,2001,75.99
Indonesia,-0.789275,113.921327,IDN,2002,63.39
Indonesia,-0.789275,113.921327,IDN,2003,61.22
Indonesia,-0.789275,113.921327,IDN,2004,61.46
Indonesia,-0.789275,113.921327,IDN,2005,59.5
Indonesia,-0.789275,113.921327,IDN,2006,64.17
Indonesia,-0.789275,113.921327,IDN,2007,56.75
Indonesia,-0.789275,113.921327,IDN,2008,54.75
Indonesia,-0.789275,113.921327,IDN,2009,52.74
Indonesia,-0.789275,113.921327,IDN,2010,46.36
Indonesia,-0.789275,113.921327,IDN,2011,43.33
Indonesia,-0.789275,113.921327,IDN,2012,41.67
Indonesia,-0.789275,113.921327,IDN,2013,39.4
Indonesia,-0.789275,113.921327,IDN,2014,36.44
Iran,32.427908,53.688046,IRN,1986,20.44
Iran,32.427908,53.688046,IRN,1990,18.46
Iran,32.427908,53.688046,IRN,1994,14.07
Iran,32.427908,53.688046,IRN,1998,12.4
Iran,32.427908,53.688046,IRN,2005,11.18
Iran,32.427908,53.688046,IRN,2009,3.05
Iran,32.427908,53.688046,IRN,2013,0.66
Jamaica,18.109581,-77.297508,JAM,1988,21.54
Jamaica,18.109581,-77.297508,JAM,1990,18.96
Jamaica,18.109581,-77.297508,JAM,1993,29.17
Jamaica,18.109581,-77.297508,JAM,1996,12.87
Jamaica,18.109581,-77.297508,JAM,1999,9.51
Jamaica,18.109581,-77.297508,JAM,2002,10.45
Jamaica,18.109581,-77.297508,JAM,2004,8.16
Kazakhstan,48.019573,66.923684,KAZ,1988,0.11
Kazakhstan,48.019573,66.923684,KAZ,1993,23.1
Kazakhstan,48.019573,66.923684,KAZ,1996,22.9
Kazakhstan,48.019573,66.923684,KAZ,2001,31.23
Kazakhstan,48.019573,66.923684,KAZ,2002,26.18
Kazakhstan,48.019573,66.923684,KAZ,2003,21.26
Kazakhstan,48.019573,66.923684,KAZ,2004,17.97
Kazakhstan,48.019573,66.923684,KAZ,2005,2.86
Kazakhstan,48.019573,66.923684,KAZ,2006,5.25
Kazakhstan,48.019573,66.923684,KAZ,2007,3.74
Kazakhstan,48.019573,66.923684,KAZ,2008,1.94
Kazakhstan,48.019573,66.923684,KAZ,2009,2.53
Kazakhstan,48.019573,66.923684,KAZ,2010,1.61
Kazakhstan,48.019573,66.923684,KAZ,2011,0.71
Kazakhstan,48.019573,66.923684,KAZ,2012,0.44
Kazakhstan,48.019573,66.923684,KAZ,2013,0.26
Kenya,-0.023559,37.906193,KEN,1992,42.84
Kenya,-0.023559,37.906193,KEN,1994,40.97
Kenya,-0.023559,37.906193,KEN,1997,45.87
Kenya,-0.023559,37.906193,KEN,2005,58.85
Kiribati,-3.370417,-168.734039,KIR,2006,34.67
Kosovo,42.602636,20.902977,OWID_KOS,2003,13.79
Kosovo,42.602636,20.902977,OWID_KOS,2005,16.22
Kosovo,42.602636,20.902977,OWID_KOS,2006,15.13
Kosovo,42.602636,20.902977,OWID_KOS,2009,11.77
Kosovo,42.602636,20.902977,OWID_KOS,2010,12.34
Kosovo,42.602636,20.902977,OWID_KOS,2011,8.58
Kosovo,42.602636,20.902977,OWID_KOS,2012,5.01
Kosovo,42.602636,20.902977,OWID_KOS,2013,3.52
Kyrgyzstan,41.20438,74.766098,KGZ,1988,40.74
Kyrgyzstan,41.20438,74.766098,KGZ,1993,63.85
Kyrgyzstan,41.20438,74.766098,KGZ,1998,51.51
Kyrgyzstan,41.20438,74.766098,KGZ,2000,75.68
Kyrgyzstan,41.20438,74.766098,KGZ,2001,71.54
Kyrgyzstan,41.20438,74.766098,KGZ,2002,69.69
Kyrgyzstan,41.20438,74.766098,KGZ,2003,67.6
Kyrgyzstan,41.20438,74.766098,KGZ,2004,44.23
Kyrgyzstan,41.20438,74.766098,KGZ,2005,49.76
Kyrgyzstan,41.20438,74.766098,KGZ,2006,37.02
Kyrgyzstan,41.20438,74.766098,KGZ,2007,33.58
Kyrgyzstan,41.20438,74.766098,KGZ,2008,22.74
Kyrgyzstan,41.20438,74.766098,KGZ,2009,18.68
Kyrgyzstan,41.20438,74.766098,KGZ,2010,21.38
Kyrgyzstan,41.20438,74.766098,KGZ,2011,19.25
Kyrgyzstan,41.20438,74.766098,KGZ,2012,19.88
Kyrgyzstan,41.20438,74.766098,KGZ,2013,24.01
Kyrgyzstan,41.20438,74.766098,KGZ,2014,17.47
Laos,19.85627,102.495496,LAO,1992,59.13
Laos,19.85627,102.495496,LAO,1997,67.87
Laos,19.85627,102.495496,LAO,2002,61.68
Laos,19.85627,102.495496,LAO,2007,54.72
Laos,19.85627,102.495496,LAO,2012,46.86
Latvia,56.879635,24.603189,LVA,1988,0.06
Latvia,56.879635,24.603189,LVA,1993,2.1
Latvia,56.879635,24.603189,LVA,1995,5.15
Latvia,56.879635,24.603189,LVA,1996,6.64
Latvia,56.879635,24.603189,LVA,1997,5.7
Latvia,56.879635,24.603189,LVA,1998,6.33
Latvia,56.879635,24.603189,LVA,2002,3.16
Latvia,56.879635,24.603189,LVA,2003,2.74
Latvia,56.879635,24.603189,LVA,2004,5.59
Latvia,56.879635,24.603189,LVA,2005,4.87
Latvia,56.879635,24.603189,LVA,2006,2.66
Latvia,56.879635,24.603189,LVA,2007,0.75
Latvia,56.879635,24.603189,LVA,2008,2.41
Latvia,56.879635,24.603189,LVA,2009,1.21
Latvia,56.879635,24.603189,LVA,2010,3.75
Latvia,56.879635,24.603189,LVA,2011,2.88
Latvia,56.879635,24.603189,LVA,2012,2.59
Lesotho,-29.609988,28.233608,LSO,1986,87.28
Lesotho,-29.609988,28.233608,LSO,1994,80.88
Lesotho,-29.609988,28.233608,LSO,2002,78.9
Lesotho,-29.609988,28.233608,LSO,2010,77.28
Liberia,6.428055,-9.429499,LBR,2007,89.61
Lithuania,55.169438,23.881275,LTU,1988,0.25
Lithuania,55.169438,23.881275,LTU,1993,28.7
Lithuania,55.169438,23.881275,LTU,1996,4.34
Lithuania,55.169438,23.881275,LTU,1998,2.96
Lithuania,55.169438,23.881275,LTU,1999,3.73
Lithuania,55.169438,23.881275,LTU,2000,4.28
Lithuania,55.169438,23.881275,LTU,2001,4.43
Lithuania,55.169438,23.881275,LTU,2002,4.23
Lithuania,55.169438,23.881275,LTU,2003,1.6
Lithuania,55.169438,23.881275,LTU,2004,1.93
Lithuania,55.169438,23.881275,LTU,2005,4.25
Lithuania,55.169438,23.881275,LTU,2006,2.69
Lithuania,55.169438,23.881275,LTU,2007,1.81
Lithuania,55.169438,23.881275,LTU,2008,2.23
Lithuania,55.169438,23.881275,LTU,2009,4.36
Lithuania,55.169438,23.881275,LTU,2010,3.14
Lithuania,55.169438,23.881275,LTU,2011,1.69
Lithuania,55.169438,23.881275,LTU,2012,2.03
Macedonia,41.608635,21.745275,MKD,1998,7.7
Macedonia,41.608635,21.745275,MKD,2000,17.99
Macedonia,41.608635,21.745275,MKD,2002,6.21
Macedonia,41.608635,21.745275,MKD,2003,6.99
Macedonia,41.608635,21.745275,MKD,2004,6.51
Macedonia,41.608635,21.745275,MKD,2005,6.41
Macedonia,41.608635,21.745275,MKD,2006,8.34
Macedonia,41.608635,21.745275,MKD,2008,8.71
Madagascar,-18.766947,46.869107,MDG,1993,87.63
Madagascar,-18.766947,46.869107,MDG,1997,86.01
Madagascar,-18.766947,46.869107,MDG,1999,85.19
Madagascar,-18.766947,46.869107,MDG,2001,84.07
Madagascar,-18.766947,46.869107,MDG,2005,89.86
Madagascar,-18.766947,46.869107,MDG,2010,92.91
Madagascar,-18.766947,46.869107,MDG,2012,90.47
Malawi,-13.254308,34.301525,MWI,1997,84.15
Malawi,-13.254308,34.301525,MWI,2004,90.07
Malawi,-13.254308,34.301525,MWI,2010,87.64
Malaysia,4.210484,101.975766,MYS,1984,12.01
Malaysia,4.210484,101.975766,MYS,1987,11.61
Malaysia,4.210484,101.975766,MYS,1989,10.78
Malaysia,4.210484,101.975766,MYS,1992,10.92
Malaysia,4.210484,101.975766,MYS,1995,10.7
Malaysia,4.210484,101.975766,MYS,1997,6.62
Malaysia,4.210484,101.975766,MYS,2004,2.34
Malaysia,4.210484,101.975766,MYS,2007,3.05
Malaysia,4.210484,101.975766,MYS,2009,2.71
Maldives,3.202778,73.22068,MDV,2002,36.48
Maldives,3.202778,73.22068,MDV,2009,23.26
Mali,17.570692,-3.996166,MLI,1994,93.04
Mali,17.570692,-3.996166,MLI,2001,79.27
Mali,17.570692,-3.996166,MLI,2006,76.13
Mali,17.570692,-3.996166,MLI,2009,77.71
Mauritania,21.00789,-10.940835,MRT,1987,64.18
Mauritania,21.00789,-10.940835,MRT,1993,68.16
Mauritania,21.00789,-10.940835,MRT,1995,47.53
Mauritania,21.00789,-10.940835,MRT,2000,43.88
Mauritania,21.00789,-10.940835,MRT,2004,40.33
Mauritania,21.00789,-10.940835,MRT,2008,32.46
Mauritania,21.00789,-10.940835,MRT,2014,22.07
Mauritius,-20.348404,57.552152,MUS,2006,3.04
Mauritius,-20.348404,57.552152,MUS,2012,2.96
Mexico,23.634501,-102.552784,MEX,1984,20.99
Mexico,23.634501,-102.552784,MEX,1989,18.07
Mexico,23.634501,-102.552784,MEX,1992,24.4
Mexico,23.634501,-102.552784,MEX,1994,22.83
Mexico,23.634501,-102.552784,MEX,1996,31.3
Mexico,23.634501,-102.552784,MEX,1998,29.88
Mexico,23.634501,-102.552784,MEX,2000,24.54
Mexico,23.634501,-102.552784,MEX,2002,22.9
Mexico,23.634501,-102.552784,MEX,2004,13.03
Mexico,23.634501,-102.552784,MEX,2005,18.11
Mexico,23.634501,-102.552784,MEX,2006,11.43
Mexico,23.634501,-102.552784,MEX,2008,12.03
Mexico,23.634501,-102.552784,MEX,2010,11.9
Mexico,23.634501,-102.552784,MEX,2012,10.32
Mexico,23.634501,-102.552784,MEX,2014,10.95
Micronesia (country),7.425554,150.550812,FSM,2000,61.7
Micronesia (country),7.425554,150.550812,FSM,2005,28.51
Micronesia (country),7.425554,150.550812,FSM,2013,39.35
Moldova,47.411631,28.369885,MDA,1992,33.86
Moldova,47.411631,28.369885,MDA,1997,41.99
Moldova,47.411631,28.369885,MDA,1998,55.69
Moldova,47.411631,28.369885,MDA,1999,68.35
Moldova,47.411631,28.369885,MDA,2000,67.14
Moldova,47.411631,28.369885,MDA,2001,57.87
Moldova,47.411631,28.369885,MDA,2002,42.59
Moldova,47.411631,28.369885,MDA,2003,30.45
Moldova,47.411631,28.369885,MDA,2004,30.85
Moldova,47.411631,28.369885,MDA,2005,38.67
Moldova,47.411631,28.369885,MDA,2006,11.74
Moldova,47.411631,28.369885,MDA,2007,7.27
Moldova,47.411631,28.369885,MDA,2008,8.31
Moldova,47.411631,28.369885,MDA,2009,7.43
Moldova,47.411631,28.369885,MDA,2010,5.19
Moldova,47.411631,28.369885,MDA,2011,3.54
Moldova,47.411631,28.369885,MDA,2012,2.88
Moldova,47.411631,28.369885,MDA,2013,1.95
Moldova,47.411631,28.369885,MDA,2014,1.03
Mongolia,46.862496,103.846656,MNG,1995,36.93
Mongolia,46.862496,103.846656,MNG,1998,60.57
Mongolia,46.862496,103.846656,MNG,2002,33.63
Mongolia,46.862496,103.846656,MNG,2007,11.29
Mongolia,46.862496,103.846656,MNG,2010,8.74
Mongolia,46.862496,103.846656,MNG,2011,6.21
Mongolia,46.862496,103.846656,MNG,2012,3.95
Mongolia,46.862496,103.846656,MNG,2014,2.7
Montenegro,42.708678,19.37439,MNE,2005,1.11
Montenegro,42.708678,19.37439,MNE,2006,1.07
Montenegro,42.708678,19.37439,MNE,2007,0.56
Montenegro,42.708678,19.37439,MNE,2008,0.46
Montenegro,42.708678,19.37439,MNE,2009,0.59
Montenegro,42.708678,19.37439,MNE,2010,0.53
Montenegro,42.708678,19.37439,MNE,2011,1.03
Montenegro,42.708678,19.37439,MNE,2012,2.14
Montenegro,42.708678,19.37439,MNE,2013,2.53
Montenegro,42.708678,19.37439,MNE,2014,0.5
Morocco,31.791702,-7.09262,MAR,1984,31.07
Morocco,31.791702,-7.09262,MAR,1990,17.92
Morocco,31.791702,-7.09262,MAR,1998,26.64
Morocco,31.791702,-7.09262,MAR,2000,25.73
Morocco,31.791702,-7.09262,MAR,2006,15.5
Mozambique,-18.665695,35.529562,MOZ,1996,94.04
Mozambique,-18.665695,35.529562,MOZ,2002,92.04
Mozambique,-18.665695,35.529562,MOZ,2008,87.54
Namibia,-22.95764,18.49041,NAM,1993,65.93
Namibia,-22.95764,18.49041,NAM,2003,54.74
Namibia,-22.95764,18.49041,NAM,2009,45.72
Nepal,28.394857,84.124008,NPL,1984,92.88
Nepal,28.394857,84.124008,NPL,1995,85.47
Nepal,28.394857,84.124008,NPL,2003,73.77
Nepal,28.394857,84.124008,NPL,2010,48.44
Nicaragua,12.865416,-85.207229,NIC,1993,42.21
Nicaragua,12.865416,-85.207229,NIC,1998,37.56
Nicaragua,12.865416,-85.207229,NIC,2001,37.51
Nicaragua,12.865416,-85.207229,NIC,2005,39.35
Nicaragua,12.865416,-85.207229,NIC,2009,25.16
Nicaragua,12.865416,-85.207229,NIC,2014,17.12
Niger,17.607789,8.081666,NER,1992,93.38
Niger,17.607789,8.081666,NER,1994,93.61
Niger,17.607789,8.081666,NER,2005,90.04
Niger,17.607789,8.081666,NER,2007,90.08
Niger,17.607789,8.081666,NER,2011,81.75
Niger,17.607789,8.081666,NER,2014,75.46
Nigeria,9.081999,8.675277,NGA,1985,70.64
Nigeria,9.081999,8.675277,NGA,1992,76.15
Nigeria,9.081999,8.675277,NGA,1996,81.04
Nigeria,9.081999,8.675277,NGA,2003,78.51
Nigeria,9.081999,8.675277,NGA,2009,76.46
Pakistan,30.375321,69.345116,PAK,1987,86.67
Pakistan,30.375321,69.345116,PAK,1990,85.57
Pakistan,30.375321,69.345116,PAK,1996,60.54
Pakistan,30.375321,69.345116,PAK,1998,63.82
Pakistan,30.375321,69.345116,PAK,2001,70.04
Pakistan,30.375321,69.345116,PAK,2004,58.08
Pakistan,30.375321,69.345116,PAK,2005,57.05
Pakistan,30.375321,69.345116,PAK,2007,52.88
Pakistan,30.375321,69.345116,PAK,2010,44.92
Pakistan,30.375321,69.345116,PAK,2011,43.58
Pakistan,30.375321,69.345116,PAK,2013,36.88
Panama,8.537981,-80.782127,PAN,1989,33.17
Panama,8.537981,-80.782127,PAN,1991,30.88
Panama,8.537981,-80.782127,PAN,1995,24.08
Panama,8.537981,-80.782127,PAN,1997,22.79
Panama,8.537981,-80.782127,PAN,1998,22.92
Panama,8.537981,-80.782127,PAN,1999,20.44
Panama,8.537981,-80.782127,PAN,2000,21.79
Panama,8.537981,-80.782127,PAN,2001,25.05
Panama,8.537981,-80.782127,PAN,2002,21.8
Panama,8.537981,-80.782127,PAN,2003,20.8
Panama,8.537981,-80.782127,PAN,2004,19.74
Panama,8.537981,-80.782127,PAN,2005,18.84
Panama,8.537981,-80.782127,PAN,2006,19.33
Panama,8.537981,-80.782127,PAN,2007,16.42
Panama,8.537981,-80.782127,PAN,2008,11.99
Panama,8.537981,-80.782127,PAN,2009,9.46
Panama,8.537981,-80.782127,PAN,2010,10.7
Panama,8.537981,-80.782127,PAN,2011,9.49
Panama,8.537981,-80.782127,PAN,2012,9.91
Panama,8.537981,-80.782127,PAN,2013,7.98
Panama,8.537981,-80.782127,PAN,2014,8.37
Papua New Guinea,-6.314993,143.95555,PNG,1996,70.18
Papua New Guinea,-6.314993,143.95555,PNG,2009,64.68
Paraguay,-23.442503,-58.443832,PRY,1990,4.22
Paraguay,-23.442503,-58.443832,PRY,1995,22.7
Paraguay,-23.442503,-58.443832,PRY,1997,19.01
Paraguay,-23.442503,-58.443832,PRY,1999,19.33
Paraguay,-23.442503,-58.443832,PRY,2001,17.66
Paraguay,-23.442503,-58.443832,PRY,2002,26.17
Paraguay,-23.442503,-58.443832,PRY,2003,19.4
Paraguay,-23.442503,-58.443832,PRY,2004,17.25
Paraguay,-23.442503,-58.443832,PRY,2005,16.08
Paraguay,-23.442503,-58.443832,PRY,2006,20.37
Paraguay,-23.442503,-58.443832,PRY,2007,16.5
Paraguay,-23.442503,-58.443832,PRY,2008,14.1
Paraguay,-23.442503,-58.443832,PRY,2009,14.46
Paraguay,-23.442503,-58.443832,PRY,2010,13.45
Paraguay,-23.442503,-58.443832,PRY,2011,12.14
Paraguay,-23.442503,-58.443832,PRY,2012,9.66
Paraguay,-23.442503,-58.443832,PRY,2013,6.3
Paraguay,-23.442503,-58.443832,PRY,2014,6.99
Peru,-9.189967,-75.015152,PER,1985,36.51
Peru,-9.189967,-75.015152,PER,1994,32.66
Peru,-9.189967,-75.015152,PER,1997,32.07
Peru,-9.189967,-75.015152,PER,1998,30.34
Peru,-9.189967,-75.015152,PER,1999,31.01
Peru,-9.189967,-75.015152,PER,2000,29.87
Peru,-9.189967,-75.015152,PER,2001,32.61
Peru,-9.189967,-75.015152,PER,2002,29.43
Peru,-9.189967,-75.015152,PER,2003,27.23
Peru,-9.189967,-75.015152,PER,2004,25.5
Peru,-9.189967,-75.015152,PER,2005,27.37
Peru,-9.189967,-75.015152,PER,2006,23.99
Peru,-9.189967,-75.015152,PER,2007,20.84
Peru,-9.189967,-75.015152,PER,2008,17.46
Peru,-9.189967,-75.015152,PER,2009,15.35
Peru,-9.189967,-75.015152,PER,2010,13.01
Peru,-9.189967,-75.015152,PER,2011,11.69
Peru,-9.189967,-75.015152,PER,2012,10.79
Peru,-9.189967,-75.015152,PER,2013,9.7
Peru,-9.189967,-75.015152,PER,2014,9.01
Philippines,12.879721,121.774017,PHL,1985,55.82
Philippines,12.879721,121.774017,PHL,1988,53.52
Philippines,12.879721,121.774017,PHL,1991,52.03
Philippines,12.879721,121.774017,PHL,1994,50.15
Philippines,12.879721,121.774017,PHL,1997,41.7
Philippines,12.879721,121.774017,PHL,2000,43.08
Philippines,12.879721,121.774017,PHL,2003,40
Philippines,12.879721,121.774017,PHL,2006,40.66
Philippines,12.879721,121.774017,PHL,2009,36.45
Philippines,12.879721,121.774017,PHL,2012,37.61
Poland,51.919438,19.145136,POL,1985,0.39
Poland,51.919438,19.145136,POL,1987,0.32
Poland,51.919438,19.145136,POL,1989,0.21
Poland,51.919438,19.145136,POL,1993,2.63
Poland,51.919438,19.145136,POL,1996,18.38
Poland,51.919438,19.145136,POL,1998,0.76
Poland,51.919438,19.145136,POL,1999,0.87
Poland,51.919438,19.145136,POL,2000,1.1
Poland,51.919438,19.145136,POL,2001,1.26
Poland,51.919438,19.145136,POL,2002,1.43
Poland,51.919438,19.145136,POL,2003,0.91
Poland,51.919438,19.145136,POL,2004,1.14
Poland,51.919438,19.145136,POL,2005,1.37
Poland,51.919438,19.145136,POL,2006,1.62
Poland,51.919438,19.145136,POL,2007,0.51
Poland,51.919438,19.145136,POL,2008,0.38
Poland,51.919438,19.145136,POL,2009,0.28
Poland,51.919438,19.145136,POL,2010,1
Poland,51.919438,19.145136,POL,2011,0.35
Poland,51.919438,19.145136,POL,2012,0.26
Poland,51.919438,19.145136,POL,2013,0.26
Poland,51.919438,19.145136,POL,2014,0.31
Romania,45.943161,24.96676,ROU,1989,0.65
Romania,45.943161,24.96676,ROU,1992,2.53
Romania,45.943161,24.96676,ROU,1994,39.75
Romania,45.943161,24.96676,ROU,1998,11.53
Romania,45.943161,24.96676,ROU,1999,26.42
Romania,45.943161,24.96676,ROU,2000,28.84
Romania,45.943161,24.96676,ROU,2001,22.97
Romania,45.943161,24.96676,ROU,2002,22.24
Romania,45.943161,24.96676,ROU,2003,18.86
Romania,45.943161,24.96676,ROU,2004,14.74
Romania,45.943161,24.96676,ROU,2005,11.83
Romania,45.943161,24.96676,ROU,2006,11.74
Romania,45.943161,24.96676,ROU,2007,8.99
Romania,45.943161,24.96676,ROU,2008,11.45
Romania,45.943161,24.96676,ROU,2009,9.89
Romania,45.943161,24.96676,ROU,2010,11.33
Romania,45.943161,24.96676,ROU,2011,12.43
Romania,45.943161,24.96676,ROU,2012,11.6
Romania,45.943161,24.96676,ROU,2013,4.05
Russia,61.52401,105.318756,RUS,1988,12.26
Russia,61.52401,105.318756,RUS,1993,10.11
Russia,61.52401,105.318756,RUS,1996,10.73
Russia,61.52401,105.318756,RUS,1997,5.12
Russia,61.52401,105.318756,RUS,1998,7.25
Russia,61.52401,105.318756,RUS,1999,12.38
Russia,61.52401,105.318756,RUS,2000,9.22
Russia,61.52401,105.318756,RUS,2001,8.06
Russia,61.52401,105.318756,RUS,2002,4.25
Russia,61.52401,105.318756,RUS,2003,5.11
Russia,61.52401,105.318756,RUS,2004,4.1
Russia,61.52401,105.318756,RUS,2005,3.21
Russia,61.52401,105.318756,RUS,2006,2.79
Russia,61.52401,105.318756,RUS,2007,1.24
Russia,61.52401,105.318756,RUS,2008,0.44
Russia,61.52401,105.318756,RUS,2009,0.43
Russia,61.52401,105.318756,RUS,2010,0.85
Russia,61.52401,105.318756,RUS,2011,0.56
Russia,61.52401,105.318756,RUS,2012,0.48
Rwanda,-1.940278,29.873888,RWA,1984,88.6
Rwanda,-1.940278,29.873888,RWA,2000,89.65
Rwanda,-1.940278,29.873888,RWA,2005,84.05
Rwanda,-1.940278,29.873888,RWA,2010,80.66
Rwanda,-1.940278,29.873888,RWA,2013,80.6
Saint Lucia,13.909444,-60.978893,LCA,1995,61.77
Samoa,-13.759029,-172.104629,WSM,2008,8.35
Sao Tome and Principe,0.18636,6.613081,STP,2000,62.27
Sao Tome and Principe,0.18636,6.613081,STP,2010,68.1
Senegal,14.497401,-14.452362,SEN,1991,83.81
Senegal,14.497401,-14.452362,SEN,1994,82.09
Senegal,14.497401,-14.452362,SEN,2001,75.42
Senegal,14.497401,-14.452362,SEN,2005,66.38
Senegal,14.497401,-14.452362,SEN,2011,66.26
Serbia,44.016521,21.005859,SRB,2002,1.28
Serbia,44.016521,21.005859,SRB,2003,1.78
Serbia,44.016521,21.005859,SRB,2004,2.74
Serbia,44.016521,21.005859,SRB,2005,3.99
Serbia,44.016521,21.005859,SRB,2006,1.74
Serbia,44.016521,21.005859,SRB,2007,1.16
Serbia,44.016521,21.005859,SRB,2008,0.79
Serbia,44.016521,21.005859,SRB,2009,1.19
Serbia,44.016521,21.005859,SRB,2010,1.65
Serbia,44.016521,21.005859,SRB,2013,1.33
Seychelles,-4.679574,55.491977,SYC,1999,2.37
Seychelles,-4.679574,55.491977,SYC,2006,0.97
Seychelles,-4.679574,55.491977,SYC,2013,2.46
Sierra Leone,8.460555,-11.779889,SLE,1989,78.33
Sierra Leone,8.460555,-11.779889,SLE,2003,80.87
Sierra Leone,8.460555,-11.779889,SLE,2011,79.96
Slovakia,48.669026,19.699024,SVK,1996,1.95
Slovakia,48.669026,19.699024,SVK,2004,0.48
Slovakia,48.669026,19.699024,SVK,2005,0.45
Slovakia,48.669026,19.699024,SVK,2006,0.04
Slovakia,48.669026,19.699024,SVK,2007,0.86
Slovakia,48.669026,19.699024,SVK,2008,0.53
Slovakia,48.669026,19.699024,SVK,2010,0.51
Slovakia,48.669026,19.699024,SVK,2011,0.53
Slovakia,48.669026,19.699024,SVK,2012,0.42
Slovenia,46.151241,14.995463,SVN,1987,0.06
Slovenia,46.151241,14.995463,SVN,1993,0.1
Slovenia,46.151241,14.995463,SVN,1998,0.06
Slovenia,46.151241,14.995463,SVN,2002,0.13
Slovenia,46.151241,14.995463,SVN,2004,0.21
Slovenia,46.151241,14.995463,SVN,2005,0.18
Slovenia,46.151241,14.995463,SVN,2006,0.1
Slovenia,46.151241,14.995463,SVN,2007,0.09
Slovenia,46.151241,14.995463,SVN,2008,0.01
Slovenia,46.151241,14.995463,SVN,2009,0.03
Slovenia,46.151241,14.995463,SVN,2010,0.01
Slovenia,46.151241,14.995463,SVN,2011,0.01
Slovenia,46.151241,14.995463,SVN,2012,0.05
Solomon Islands,-9.64571,160.156194,SLB,2005,69.26
South Africa,-30.559482,22.937506,ZAF,1993,46.67
South Africa,-30.559482,22.937506,ZAF,1996,52.86
South Africa,-30.559482,22.937506,ZAF,2000,49.97
South Africa,-30.559482,22.937506,ZAF,2006,46.84
South Africa,-30.559482,22.937506,ZAF,2008,35.75
South Africa,-30.559482,22.937506,ZAF,2011,34.68
Sri Lanka,7.873054,80.771797,LKA,1985,43.07
Sri Lanka,7.873054,80.771797,LKA,1990,40.45
Sri Lanka,7.873054,80.771797,LKA,1995,38.94
Sri Lanka,7.873054,80.771797,LKA,2002,33.9
Sri Lanka,7.873054,80.771797,LKA,2006,21.66
Sri Lanka,7.873054,80.771797,LKA,2009,16.73
Sri Lanka,7.873054,80.771797,LKA,2012,14.59
Sudan,12.862807,30.217636,SDN,2009,38.94
Suriname,3.919305,-56.027783,SUR,1999,40.76
Swaziland,-26.522503,31.465866,SWZ,1994,91.44
Swaziland,-26.522503,31.465866,SWZ,2000,70.28
Swaziland,-26.522503,31.465866,SWZ,2009,63.12
Tajikistan,38.861034,71.276093,TJK,1999,86.06
Tajikistan,38.861034,71.276093,TJK,2003,64.78
Tajikistan,38.861034,71.276093,TJK,2004,46.29
Tajikistan,38.861034,71.276093,TJK,2007,32.65
Tajikistan,38.861034,71.276093,TJK,2009,23.43
Tajikistan,38.861034,71.276093,TJK,2012,63.34
Tajikistan,38.861034,71.276093,TJK,2013,60.82
Tajikistan,38.861034,71.276093,TJK,2014,56.67
Tanzania,-6.369028,34.888822,TZA,1991,88.66
Tanzania,-6.369028,34.888822,TZA,2000,95.26
Tanzania,-6.369028,34.888822,TZA,2007,77.89
Tanzania,-6.369028,34.888822,TZA,2011,76.1
Thailand,15.870032,100.992541,THA,1981,41.53
Thailand,15.870032,100.992541,THA,1988,38.22
Thailand,15.870032,100.992541,THA,1990,34.31
Thailand,15.870032,100.992541,THA,1992,27.36
Thailand,15.870032,100.992541,THA,1994,17.87
Thailand,15.870032,100.992541,THA,1996,13.93
Thailand,15.870032,100.992541,THA,1998,12.93
Thailand,15.870032,100.992541,THA,1999,17.16
Thailand,15.870032,100.992541,THA,2000,16.97
Thailand,15.870032,100.992541,THA,2002,10.75
Thailand,15.870032,100.992541,THA,2004,8.01
Thailand,15.870032,100.992541,THA,2006,5.51
Thailand,15.870032,100.992541,THA,2007,3.74
Thailand,15.870032,100.992541,THA,2008,2.97
Thailand,15.870032,100.992541,THA,2009,2.59
Thailand,15.870032,100.992541,THA,2010,2.09
Thailand,15.870032,100.992541,THA,2011,1.17
Thailand,15.870032,100.992541,THA,2012,1.23
Thailand,15.870032,100.992541,THA,2013,0.92
Timor,-8.874217,125.727539,TLS,2001,72.84
Timor,-8.874217,125.727539,TLS,2007,80.01
Togo,8.619543,0.824782,TGO,2006,76.69
Togo,8.619543,0.824782,TGO,2011,74.54
Tonga,-21.178986,-175.198242,TON,2001,7.58
Tonga,-21.178986,-175.198242,TON,2009,8.19
Trinidad and Tobago,10.691803,-61.222503,TTO,1988,7.7
Trinidad and Tobago,10.691803,-61.222503,TTO,1992,12.24
Tunisia,33.886917,9.537499,TUN,1985,34.59
Tunisia,33.886917,9.537499,TUN,1990,27.42
Tunisia,33.886917,9.537499,TUN,1995,28.69
Tunisia,33.886917,9.537499,TUN,2000,20.15
Tunisia,33.886917,9.537499,TUN,2005,13.26
Tunisia,33.886917,9.537499,TUN,2010,8.41
Turkey,38.963745,35.243322,TUR,1987,9.75
Turkey,38.963745,35.243322,TUR,1994,12.08
Turkey,38.963745,35.243322,TUR,2002,9.94
Turkey,38.963745,35.243322,TUR,2003,13.2
Turkey,38.963745,35.243322,TUR,2004,9.08
Turkey,38.963745,35.243322,TUR,2005,9.34
Turkey,38.963745,35.243322,TUR,2006,7.76
Turkey,38.963745,35.243322,TUR,2007,6.32
Turkey,38.963745,35.243322,TUR,2008,5.36
Turkey,38.963745,35.243322,TUR,2009,4.57
Turkey,38.963745,35.243322,TUR,2010,4.25
Turkey,38.963745,35.243322,TUR,2011,3.99
Turkey,38.963745,35.243322,TUR,2012,3.1
Turkey,38.963745,35.243322,TUR,2013,2.62
Turkmenistan,38.969719,59.556278,TKM,1988,76.22
Turkmenistan,38.969719,59.556278,TKM,1998,69.14
Tuvalu,-7.109535,177.64933,TUV,2010,16.28
Uganda,1.373333,32.290275,UGA,1989,95.29
Uganda,1.373333,32.290275,UGA,1992,87.8
Uganda,1.373333,32.290275,UGA,1996,83.37
Uganda,1.373333,32.290275,UGA,1999,84.64
Uganda,1.373333,32.290275,UGA,2002,82.48
Uganda,1.373333,32.290275,UGA,2005,76.33
Uganda,1.373333,32.290275,UGA,2009,69.37
Uganda,1.373333,32.290275,UGA,2012,64.95
Ukraine,48.379433,31.16558,UKR,1988,6.64
Ukraine,48.379433,31.16558,UKR,1992,11.79
Ukraine,48.379433,31.16558,UKR,1993,8.3
Ukraine,48.379433,31.16558,UKR,1995,18.96
Ukraine,48.379433,31.16558,UKR,1996,21.37
Ukraine,48.379433,31.16558,UKR,1999,34.65
Ukraine,48.379433,31.16558,UKR,2002,10.58
Ukraine,48.379433,31.16558,UKR,2003,6.25
Ukraine,48.379433,31.16558,UKR,2004,4.97
Ukraine,48.379433,31.16558,UKR,2005,2.26
Ukraine,48.379433,31.16558,UKR,2006,1.4
Ukraine,48.379433,31.16558,UKR,2007,1.03
Ukraine,48.379433,31.16558,UKR,2008,0.4
Ukraine,48.379433,31.16558,UKR,2009,0.55
Ukraine,48.379433,31.16558,UKR,2010,0.25
Ukraine,48.379433,31.16558,UKR,2011,0.17
Ukraine,48.379433,31.16558,UKR,2012,0.2
Ukraine,48.379433,31.16558,UKR,2013,0.08
Ukraine,48.379433,31.16558,UKR,2014,0.12
Uruguay,-32.522779,-55.765835,URY,1981,3.92
Uruguay,-32.522779,-55.765835,URY,1989,2.11
Uruguay,-32.522779,-55.765835,URY,1992,2.02
Uruguay,-32.522779,-55.765835,URY,1995,2.28
Uruguay,-32.522779,-55.765835,URY,1996,2.76
Uruguay,-32.522779,-55.765835,URY,1997,2.37
Uruguay,-32.522779,-55.765835,URY,1998,2.53
Uruguay,-32.522779,-55.765835,URY,2000,2.63
Uruguay,-32.522779,-55.765835,URY,2001,3.35
Uruguay,-32.522779,-55.765835,URY,2002,4.32
Uruguay,-32.522779,-55.765835,URY,2003,5.22
Uruguay,-32.522779,-55.765835,URY,2004,6.88
Uruguay,-32.522779,-55.765835,URY,2005,6.11
Uruguay,-32.522779,-55.765835,URY,2006,4.67
Uruguay,-32.522779,-55.765835,URY,2007,3.78
Uruguay,-32.522779,-55.765835,URY,2008,2.55
Uruguay,-32.522779,-55.765835,URY,2009,2.11
Uruguay,-32.522779,-55.765835,URY,2010,1.61
Uruguay,-32.522779,-55.765835,URY,2011,1.61
Uruguay,-32.522779,-55.765835,URY,2012,1.67
Uruguay,-32.522779,-55.765835,URY,2013,1.56
Uruguay,-32.522779,-55.765835,URY,2014,1.3
Uzbekistan,41.377491,64.585262,UZB,1988,3.36
Uzbekistan,41.377491,64.585262,UZB,1998,69.15
Uzbekistan,41.377491,64.585262,UZB,2000,88.71
Uzbekistan,41.377491,64.585262,UZB,2002,87.99
Uzbekistan,41.377491,64.585262,UZB,2003,87.82
Vanuatu,-15.376706,166.959158,VUT,2010,38.8
Venezuela,6.42375,-66.58973,VEN,1981,9.52
Venezuela,6.42375,-66.58973,VEN,1987,10.24
Venezuela,6.42375,-66.58973,VEN,1989,13.91
Venezuela,6.42375,-66.58973,VEN,1992,8.53
Venezuela,6.42375,-66.58973,VEN,1995,18.34
Venezuela,6.42375,-66.58973,VEN,1998,20.29
Venezuela,6.42375,-66.58973,VEN,1999,20.47
Venezuela,6.42375,-66.58973,VEN,2001,19.05
Venezuela,6.42375,-66.58973,VEN,2002,27.83
Venezuela,6.42375,-66.58973,VEN,2003,33.58
Venezuela,6.42375,-66.58973,VEN,2004,29.08
Venezuela,6.42375,-66.58973,VEN,2005,23.97
Venezuela,6.42375,-66.58973,VEN,2006,14.9
Vietnam,14.058324,108.277199,VNM,1992,77.09
Vietnam,14.058324,108.277199,VNM,1998,69.11
Vietnam,14.058324,108.277199,VNM,2002,69.32
Vietnam,14.058324,108.277199,VNM,2004,58.46
Vietnam,14.058324,108.277199,VNM,2006,51.15
Vietnam,14.058324,108.277199,VNM,2008,45.61
Vietnam,14.058324,108.277199,VNM,2010,18.05
Vietnam,14.058324,108.277199,VNM,2012,13.86
Vietnam,14.058324,108.277199,VNM,2014,12.02
Zambia,-13.133897,27.849332,ZMB,1991,68.17
Zambia,-13.133897,27.849332,ZMB,1993,72.87
Zambia,-13.133897,27.849332,ZMB,1996,63.29
Zambia,-13.133897,27.849332,ZMB,1998,64.25
Zambia,-13.133897,27.849332,ZMB,2002,75.08
Zambia,-13.133897,27.849332,ZMB,2004,74.02
Zambia,-13.133897,27.849332,ZMB,2006,76.86
Zambia,-13.133897,27.849332,ZMB,2010,78.87
Zimbabwe,-19.015438,29.154857,ZWE,2011,45.5
